t_s,leg,state,phase_elapsed_s,cmd_vx,cmd_vy,cmd_wz,raw_vx,raw_vy,raw_wz,enc_dist_m,imu_yaw_deg,imu_heading_deg,kf_x,kf_y,kf_yaw_deg,opt_x,opt_y,opt_yaw_deg,lateral_err_m,heading_err_deg,event
0.051,0,WARMUP,0.051,0.000,0.000,0.500,0.000,0.000,0.000,0.000,0.0,0.0,0.0000,0.0000,0.00,-0.0000,-0.0000,-0.04,0.0000,0.00,
0.102,0,WARMUP,0.102,0.000,0.000,0.500,0.000,0.000,0.000,0.000,0.0,0.0,0.0000,0.0000,0.00,-0.0000,-0.0000,-0.05,0.0000,0.00,
0.152,0,WARMUP,0.152,0.000,0.000,-0.500,0.000,0.000,0.000,0.000,0.0,0.0,0.0000,0.0000,0.00,-0.0001,-0.0000,0.01,0.0000,0.00,
0.203,0,WARMUP,0.203,0.000,0.000,-0.500,0.000,0.000,0.000,0.000,0.0,0.0,0.0000,0.0000,0.00,-0.0000,-0.0000,0.02,0.0000,0.00,
0.251,0,WARMUP,0.252,0.000,0.000,-0.500,0.000,0.000,0.000,0.000,0.0,0.0,0.0000,0.0000,0.00,-0.0001,-0.0001,0.02,0.0000,0.00,
0.302,0,WARMUP,0.302,0.000,0.000,0.000,0.000,0.000,0.000,0.000,0.0,0.0,0.0000,0.0000,0.00,-0.0001,-0.0001,0.02,0.0000,0.00,
0.351,0,WARMUP,0.352,0.000,0.000,0.000,0.000,0.000,0.000,0.000,0.0,0.0,0.0000,0.0000,0.00,-0.0001,-0.0001,0.02,0.0000,0.00,
0.402,0,WARMUP,0.402,0.000,0.000,0.000,0.000,0.000,0.000,0.000,0.0,0.0,0.0000,0.0000,0.00,0.0002,0.0001,-0.10,0.0000,0.00,
0.453,0,WARMUP,0.453,0.000,0.000,0.000,0.000,0.000,0.000,0.000,0.0,0.0,0.0000,0.0000,0.00,0.0002,0.0001,-0.12,0.0000,0.00,
0.501,0,WARMUP,0.502,0.000,0.000,0.000,0.000,0.000,0.000,0.000,0.0,0.0,0.0000,0.0000,0.00,0.0002,0.0001,-0.09,0.0000,0.00,
0.552,0,WARMUP,0.552,0.000,0.000,0.000,0.000,0.000,0.000,0.000,0.0,0.0,0.0000,0.0000,0.00,0.0002,0.0001,-0.10,0.0000,0.00,
0.602,0,WARMUP,0.602,0.000,0.000,0.000,0.000,0.000,0.000,0.000,0.0,0.0,0.0000,0.0000,0.00,0.0002,0.0001,-0.08,0.0000,0.00,
0.652,0,WARMUP,0.652,0.000,0.000,0.000,0.000,0.000,0.000,0.000,0.0,0.0,0.0000,0.0000,0.00,0.0002,0.0001,-0.08,0.0000,0.00,
0.702,0,WARMUP,0.702,0.000,0.000,0.000,0.000,0.000,0.000,0.000,0.0,0.0,0.0000,0.0000,0.00,0.0002,0.0001,-0.08,0.0000,0.00,
0.752,0,WARMUP,0.752,0.000,0.000,0.000,0.000,0.000,0.000,0.000,0.0,0.0,0.0000,0.0000,0.00,0.0002,0.0001,-0.12,0.0000,0.00,
0.805,0,WARMUP,0.805,0.000,0.000,0.000,0.000,0.000,0.000,0.000,0.0,0.0,0.0000,0.0000,0.00,0.0002,0.0001,-0.10,0.0000,0.00,FIN_WARMUP
0.805,0,DRIVE,0.000,0.000,0.000,0.000,0.000,0.000,0.000,0.000,0.0,0.0,0.0000,0.0000,0.00,0.0002,0.0001,-0.10,0.0000,0.00,
0.851,0,DRIVE,0.046,0.300,-0.070,-0.000,0.000,0.000,0.000,0.000,0.0,0.0,0.0000,0.0000,0.00,0.0002,0.0001,-0.09,0.0000,0.00,
0.902,0,DRIVE,0.097,0.300,-0.069,-0.000,0.000,0.000,0.000,0.000,0.0,0.0,0.0150,-0.0035,0.00,0.0002,0.0001,-0.10,-0.0035,0.00,
0.952,0,DRIVE,0.147,0.300,-0.068,-0.000,0.000,0.000,0.000,0.000,0.0,0.0,0.0301,-0.0070,0.00,0.0003,0.0001,-0.09,-0.0070,0.00,
1.003,0,DRIVE,0.198,0.300,-0.067,-0.000,0.000,0.000,0.000,0.000,0.0,0.0,0.0455,-0.0105,0.00,0.0003,0.0001,-0.09,-0.0105,0.00,
1.057,0,DRIVE,0.252,0.300,-0.066,-0.000,0.000,0.000,0.000,0.000,0.0,0.0,0.0607,-0.0138,0.00,0.0006,0.0002,-0.04,-0.0138,0.00,
1.101,0,DRIVE,0.296,0.300,-0.069,0.001,0.000,0.000,0.000,0.000,0.0,0.0,0.0205,-0.0017,-0.05,0.0065,0.0021,-0.14,-0.0017,-0.05,
1.151,0,DRIVE,0.346,0.300,-0.068,0.001,0.000,0.000,0.000,0.000,0.0,0.0,0.0354,-0.0052,-0.05,0.0099,0.0032,-0.16,-0.0052,-0.05,
1.201,0,DRIVE,0.396,0.300,-0.070,0.002,0.000,0.000,0.000,0.000,0.0,0.0,0.0286,-0.0011,-0.09,0.0146,0.0044,-0.08,-0.0011,-0.09,
1.251,0,DRIVE,0.446,0.300,-0.070,0.000,0.000,0.000,0.000,0.000,0.0,0.0,0.0350,0.0015,-0.01,0.0235,0.0072,0.13,0.0015,-0.01,
1.307,0,DRIVE,0.502,0.300,-0.069,0.000,0.000,0.000,0.000,0.000,0.0,0.0,0.0501,-0.0020,-0.01,0.0235,0.0072,0.13,-0.0020,-0.01,
1.352,0,DRIVE,0.546,0.300,-0.068,0.000,0.000,0.000,0.000,0.000,0.0,0.0,0.0650,-0.0055,-0.01,0.0235,0.0072,0.13,-0.0055,-0.01,
1.401,0,DRIVE,0.596,0.300,-0.067,0.000,0.000,0.000,0.000,0.000,0.0,0.0,0.0800,-0.0089,-0.01,0.0235,0.0072,0.13,-0.0089,-0.01,
1.452,0,DRIVE,0.647,0.300,-0.073,0.003,0.000,0.000,0.000,0.000,0.0,0.0,0.0675,0.0114,-0.18,0.0726,0.0204,-0.39,0.0114,-0.18,
1.501,0,DRIVE,0.696,0.300,-0.075,0.007,0.000,0.000,0.000,0.000,0.0,0.0,0.0933,0.0174,-0.42,0.0852,0.0238,-0.57,0.0174,-0.42,
1.553,0,DRIVE,0.748,0.300,-0.076,0.009,0.000,0.000,0.000,0.000,0.0,0.0,0.1081,0.0209,-0.51,0.1010,0.0276,-0.70,0.0209,-0.51,
1.601,0,DRIVE,0.796,0.300,-0.078,0.014,0.000,0.000,0.000,0.000,0.0,0.0,0.1239,0.0257,-0.82,0.1145,0.0321,-1.11,0.0257,-0.82,
1.651,0,DRIVE,0.846,0.300,-0.078,0.017,0.000,0.000,0.000,0.000,0.0,0.0,0.1357,0.0277,-1.00,0.1227,0.0341,-1.18,0.0277,-1.00,
1.701,0,DRIVE,0.896,0.300,-0.077,0.017,0.000,0.000,0.000,0.000,0.0,0.0,0.1505,0.0235,-0.95,0.1227,0.0341,-1.18,0.0235,-0.95,
1.751,0,DRIVE,0.946,0.300,-0.076,0.016,0.000,0.000,0.000,0.000,0.0,0.0,0.1655,0.0194,-0.90,0.1227,0.0341,-1.18,0.0194,-0.90,
1.803,0,DRIVE,0.999,0.300,-0.080,0.016,0.000,0.000,0.000,0.000,0.0,0.0,0.1566,0.0346,-0.93,0.1591,0.0437,-0.94,0.0346,-0.93,
1.851,0,DRIVE,1.046,0.300,-0.083,0.002,0.000,0.000,0.000,0.000,0.0,0.0,0.1897,0.0428,-0.13,0.1906,0.0508,0.36,0.0428,-0.13,
1.901,0,DRIVE,1.096,0.300,-0.085,-0.007,0.000,0.000,0.000,0.000,0.0,0.0,0.2151,0.0487,0.42,0.2071,0.0556,0.47,0.0487,0.42,
1.951,0,DRIVE,1.146,0.300,-0.085,-0.009,0.000,0.000,0.000,0.000,0.0,0.0,0.2285,0.0512,0.53,0.2169,0.0581,0.70,0.0512,0.53,
2.001,0,DRIVE,1.196,0.300,-0.086,-0.013,0.000,0.000,0.000,0.000,0.0,0.0,0.2359,0.0531,0.72,0.2189,0.0586,0.82,0.0531,0.72,
2.055,0,DRIVE,1.250,0.300,-0.087,-0.011,0.000,0.000,0.000,0.000,0.0,0.0,0.2439,0.0562,0.64,0.2345,0.0632,0.80,0.0562,0.64,
2.102,0,DRIVE,1.297,0.300,-0.088,-0.013,0.000,0.000,0.000,0.000,0.0,0.0,0.2569,0.0605,0.76,0.2514,0.0680,1.00,0.0605,0.76,
2.153,0,DRIVE,1.348,0.300,-0.090,-0.016,0.000,0.000,0.000,0.000,0.0,0.0,0.2740,0.0652,0.90,0.2644,0.0721,0.98,0.0652,0.90,
2.202,0,DRIVE,1.397,0.300,-0.090,-0.022,0.000,0.000,0.000,0.000,0.0,0.0,0.2858,0.0674,1.24,0.2739,0.0735,1.39,0.0674,1.24,
2.252,0,DRIVE,1.447,0.300,-0.091,-0.022,0.000,0.000,0.000,0.000,0.0,0.0,0.2928,0.0684,1.25,0.2797,0.0751,1.04,0.0684,1.25,
2.303,0,DRIVE,1.498,0.300,-0.089,-0.021,0.000,0.000,0.000,0.000,0.0,0.0,0.3078,0.0642,1.19,0.2797,0.0751,1.04,0.0642,1.19,
2.352,0,DRIVE,1.547,0.300,-0.088,-0.020,0.000,0.000,0.000,0.000,0.0,0.0,0.3232,0.0600,1.13,0.2797,0.0751,1.04,0.0600,1.13,
2.401,0,DRIVE,1.596,0.300,-0.092,-0.012,0.000,0.000,0.000,0.000,0.0,0.0,0.3029,0.0728,0.70,0.2945,0.0796,0.77,0.0728,0.70,
2.451,0,DRIVE,1.646,0.300,-0.093,-0.016,0.000,0.000,0.000,0.000,0.0,0.0,0.3284,0.0781,0.90,0.3315,0.0863,1.14,0.0781,0.90,
2.502,0,DRIVE,1.697,0.300,-0.095,-0.019,0.000,0.000,0.000,0.000,0.0,0.0,0.3533,0.0818,1.09,0.3427,0.0879,1.09,0.0818,1.09,
2.553,0,DRIVE,1.749,0.300,-0.095,-0.013,0.000,0.000,0.000,0.000,0.0,0.0,0.3674,0.0845,0.72,0.3580,0.0907,0.61,0.0845,0.72,
2.601,0,DRIVE,1.796,0.300,-0.096,-0.010,0.000,0.000,0.000,0.000,0.0,0.0,0.3785,0.0853,0.58,0.3668,0.0922,0.49,0.0853,0.58,
2.652,0,DRIVE,1.847,0.300,-0.094,-0.010,0.000,0.000,0.000,0.000,0.0,0.0,0.3939,0.0806,0.55,0.3668,0.0922,0.49,0.0806,0.55,
2.702,0,DRIVE,1.897,0.300,-0.093,-0.009,0.000,0.000,0.000,0.000,0.0,0.0,0.4087,0.0761,0.53,0.3668,0.0922,0.49,0.0761,0.53,
2.752,0,DRIVE,1.947,0.300,-0.096,-0.008,0.000,0.000,0.000,0.000,0.0,0.0,0.3889,0.0876,0.48,0.3753,0.0933,0.64,0.0876,0.48,
2.803,0,DRIVE,1.998,0.300,-0.099,-0.033,0.000,0.000,0.000,0.000,0.0,0.0,0.4146,0.0950,1.89,0.4158,0.1046,2.89,0.0950,1.89,
2.851,0,DRIVE,2.046,0.300,-0.100,-0.041,0.000,0.000,0.000,0.000,0.0,0.0,0.4340,0.0996,2.37,0.4230,0.1075,2.85,0.0996,2.37,
2.901,0,DRIVE,2.096,0.300,-0.101,-0.047,0.000,0.000,0.000,0.000,0.0,0.0,0.4448,0.1043,2.72,0.4334,0.1112,2.84,0.1043,2.72,
2.951,0,DRIVE,2.146,0.300,-0.102,-0.050,0.000,0.000,0.000,0.000,0.0,0.0,0.4546,0.1070,2.84,0.4425,0.1145,3.51,0.1070,2.84,
3.003,0,DRIVE,2.198,0.300,-0.103,-0.059,0.000,0.000,0.000,0.000,0.0,0.0,0.4632,0.1105,3.40,0.4522,0.1183,3.68,0.1105,3.40,
3.053,0,DRIVE,2.248,0.300,-0.104,-0.059,0.000,0.000,0.000,0.000,0.0,0.0,0.4713,0.1139,3.38,0.4590,0.1222,3.94,0.1139,3.38,
3.101,0,DRIVE,2.296,0.300,-0.105,-0.069,0.000,0.000,0.000,0.000,0.0,0.0,0.4798,0.1182,3.96,0.4667,0.1240,4.50,0.1182,3.96,
3.154,0,DRIVE,2.349,0.000,0.000,0.000,0.000,0.000,0.000,0.000,0.0,0.0,0.4896,0.1203,4.21,0.4752,0.1274,4.68,0.1203,4.21,FIN_DRIVE_leg0_KF_0.50m
3.154,0,STOP_BEFORE_SPIN,0.000,0.000,0.000,0.000,0.000,0.000,0.000,0.000,0.0,0.0,0.4896,0.1203,4.21,0.4752,0.1274,4.68,0.1203,4.21,
3.202,0,STOP_BEFORE_SPIN,0.048,0.000,0.000,0.000,0.000,0.000,0.000,0.000,0.0,0.0,0.4818,0.1286,4.73,0.4856,0.1311,4.93,0.1286,4.73,
3.252,0,STOP_BEFORE_SPIN,0.098,0.000,0.000,0.000,0.000,0.000,0.000,0.000,0.0,0.0,0.4839,0.1297,4.83,0.4916,0.1333,5.15,0.1297,4.83,
3.301,0,STOP_BEFORE_SPIN,0.147,0.000,0.000,0.000,0.000,0.000,0.000,0.000,0.0,0.0,0.4915,0.1331,5.08,0.4945,0.1344,5.25,0.1331,5.08,
3.352,0,STOP_BEFORE_SPIN,0.198,0.000,0.000,0.000,0.000,0.000,0.000,0.000,0.0,0.0,0.4915,0.1331,5.08,0.4960,0.1350,5.21,0.1331,5.08,
3.401,0,STOP_BEFORE_SPIN,0.247,0.000,0.000,0.000,0.000,0.000,0.000,0.000,0.0,0.0,0.4915,0.1331,5.08,0.4957,0.1348,5.12,0.1331,5.08,
3.451,0,STOP_BEFORE_SPIN,0.297,0.000,0.000,0.000,0.000,0.000,0.000,0.000,0.0,0.0,0.4915,0.1331,5.08,0.4957,0.1349,5.18,0.1331,5.08,
3.502,0,STOP_BEFORE_SPIN,0.348,0.000,0.000,0.000,0.000,0.000,0.000,0.000,0.0,0.0,0.4915,0.1331,5.08,0.4957,0.1348,5.16,0.1331,5.08,
3.551,0,STOP_BEFORE_SPIN,0.397,0.000,0.000,0.000,0.000,0.000,0.000,0.000,0.0,0.0,0.4915,0.1331,5.08,0.4957,0.1349,5.20,0.1331,5.08,
3.601,0,STOP_BEFORE_SPIN,0.447,0.000,0.000,0.000,0.000,0.000,0.000,0.000,0.0,0.0,0.4915,0.1331,5.08,0.4957,0.1348,5.12,0.1331,5.08,
3.651,0,STOP_BEFORE_SPIN,0.497,0.000,0.000,0.000,0.000,0.000,0.000,0.000,0.0,0.0,0.4915,0.1331,5.08,0.4956,0.1348,5.12,0.1331,5.08,
3.701,0,STOP_BEFORE_SPIN,0.547,0.000,0.000,0.000,0.000,0.000,0.000,0.000,0.0,0.0,0.4915,0.1331,5.08,0.4957,0.1349,5.19,0.1331,5.08,
3.751,0,STOP_BEFORE_SPIN,0.597,0.000,0.000,0.000,0.000,0.000,0.000,0.000,0.0,0.0,0.4915,0.1331,5.08,0.4956,0.1349,5.20,0.1331,5.08,
3.801,0,STOP_BEFORE_SPIN,0.647,0.000,0.000,0.000,0.000,0.000,0.000,0.000,0.0,0.0,0.4915,0.1331,5.08,0.4957,0.1348,5.13,0.1331,5.08,
3.852,0,STOP_BEFORE_SPIN,0.698,0.000,0.000,0.000,0.000,0.000,0.000,0.000,0.0,0.0,0.4915,0.1331,5.08,0.4956,0.1348,5.14,0.1331,5.08,
3.901,0,STOP_BEFORE_SPIN,0.747,0.000,0.000,0.000,0.000,0.000,0.000,0.000,0.0,0.0,0.4915,0.1331,5.08,0.4957,0.1348,5.11,0.1331,5.08,
3.951,0,STOP_BEFORE_SPIN,0.797,0.000,0.000,0.000,0.000,0.000,0.000,0.000,0.0,0.0,0.4915,0.1331,5.08,0.4956,0.1348,5.14,0.1331,5.08,
4.001,0,STOP_BEFORE_SPIN,0.847,0.000,0.000,0.000,0.000,0.000,0.000,0.000,0.0,0.0,0.4915,0.1331,5.08,0.4957,0.1348,5.11,0.1331,5.08,
4.051,0,STOP_BEFORE_SPIN,0.897,0.000,0.000,0.000,0.000,0.000,0.000,0.000,0.0,0.0,0.4915,0.1331,5.08,0.4956,0.1349,5.21,0.1331,5.08,
4.102,0,STOP_BEFORE_SPIN,0.948,0.000,0.000,0.000,0.000,0.000,0.000,0.000,0.0,0.0,0.4915,0.1331,5.08,0.4957,0.1348,5.11,0.1331,5.08,
4.151,0,STOP_BEFORE_SPIN,0.997,0.000,0.000,0.000,0.000,0.000,0.000,0.000,0.0,0.0,0.4915,0.1331,5.08,0.4956,0.1348,5.14,0.1331,5.08,
4.204,0,STOP_BEFORE_SPIN,1.050,0.000,0.000,0.000,0.000,0.000,0.000,0.000,0.0,0.0,0.4915,0.1331,5.08,0.4957,0.1348,5.11,0.1331,5.08,INICIO_DRIFT_leg0
4.205,0,DRIFT,0.000,0.000,0.000,0.000,0.000,0.000,0.000,0.000,0.0,0.0,0.4915,0.1331,5.08,0.4957,0.1348,5.11,0.0890,0.00,
4.252,0,DRIFT,0.047,0.000,-0.000,1.000,0.000,0.000,0.000,0.000,0.0,0.0,0.4915,0.1331,5.08,0.4956,0.1348,5.14,0.0890,0.00,
4.301,0,DRIFT,0.097,0.000,-0.000,1.000,0.000,0.000,0.000,0.000,0.0,0.0,0.4915,0.1331,7.91,0.4957,0.1348,5.10,0.0890,2.83,
4.352,0,DRIFT,0.148,0.000,-0.000,1.000,0.000,0.000,0.000,0.000,0.0,0.0,0.4915,0.1331,10.83,0.4954,0.1348,5.42,0.0890,5.75,
4.402,0,DRIFT,0.198,0.000,-0.000,1.000,0.000,0.000,0.000,0.000,0.0,0.0,0.4915,0.1331,13.70,0.4955,0.1350,5.68,0.0890,8.63,
4.451,0,DRIFT,0.247,0.000,-0.000,1.000,0.000,0.000,0.000,0.000,0.0,0.0,0.4915,0.1331,16.51,0.4955,0.1350,5.68,0.0890,11.43,
4.503,0,DRIFT,0.299,0.000,-0.000,1.000,0.000,0.000,0.000,0.000,0.0,0.0,0.4915,0.1331,19.38,0.4955,0.1350,5.68,0.0890,14.30,
4.552,0,DRIFT,0.348,0.000,-0.000,1.000,0.000,0.000,0.000,0.000,0.0,0.0,0.4915,0.1331,22.27,0.4956,0.1350,5.73,0.0890,17.20,
4.602,0,DRIFT,0.398,0.000,-0.000,1.000,0.000,0.000,0.000,0.000,0.0,0.0,0.4915,0.1331,25.15,0.4956,0.1351,5.81,0.0890,20.07,
4.652,0,DRIFT,0.448,0.000,-0.000,1.000,0.000,0.000,0.000,0.000,0.0,0.0,0.4915,0.1331,27.98,0.4956,0.1351,5.81,0.0890,22.91,
4.702,0,DRIFT,0.498,0.000,-0.000,1.000,0.000,0.000,0.000,0.000,0.0,0.0,0.4915,0.1331,30.86,0.4956,0.1351,5.81,0.0890,25.78,
4.753,0,DRIFT,0.549,0.000,-0.000,1.000,0.000,0.000,0.000,0.000,0.0,0.0,0.4915,0.1331,33.70,0.4953,0.1351,5.95,0.0890,28.63,
4.802,0,DRIFT,0.597,0.000,-0.000,1.000,0.000,0.000,0.000,0.000,0.0,0.0,0.4915,0.1331,36.58,0.4953,0.1351,5.95,0.0890,31.50,
4.852,0,DRIFT,0.648,0.000,-0.000,1.000,0.000,0.000,0.000,0.000,0.0,0.0,0.4915,0.1331,39.49,0.4953,0.1351,5.95,0.0890,34.41,
4.904,0,DRIFT,0.699,0.000,-0.000,1.000,0.000,0.000,0.000,0.000,0.0,0.0,0.4915,0.1331,42.42,0.4953,0.1351,5.95,0.0890,37.34,
4.952,0,DRIFT,0.748,0.000,-0.000,1.000,0.000,0.000,0.000,0.000,0.0,0.0,0.4915,0.1331,45.21,0.4949,0.1355,6.73,0.0890,40.13,
5.003,0,DRIFT,0.799,0.000,-0.000,1.000,0.000,0.000,0.000,0.000,0.0,0.0,0.4915,0.1331,48.03,0.4949,0.1355,6.73,0.0890,42.95,
5.051,0,DRIFT,0.847,0.000,-0.000,1.000,0.000,0.000,0.000,0.000,0.0,0.0,0.4915,0.1331,50.89,0.4949,0.1355,6.73,0.0890,45.81,
5.101,0,DRIFT,0.897,0.000,-0.000,1.000,0.000,0.000,0.000,0.000,0.0,0.0,0.4915,0.1331,53.76,0.4933,0.1370,9.11,0.0890,48.68,
5.151,0,DRIFT,0.947,0.000,-0.000,1.000,0.000,0.000,0.000,0.000,0.0,0.0,0.4911,0.1386,15.30,0.4911,0.1387,11.86,0.0946,10.22,
5.201,0,DRIFT,0.997,0.000,-0.000,1.000,0.000,0.000,0.000,0.000,0.0,0.0,0.4911,0.1386,18.15,0.4911,0.1387,11.86,0.0946,13.08,
5.253,0,DRIFT,1.049,0.000,-0.000,1.000,0.000,0.000,0.000,0.000,0.0,0.0,0.4911,0.1386,21.02,0.4911,0.1387,11.86,0.0946,15.94,
5.302,0,DRIFT,1.098,0.000,-0.000,1.000,0.000,0.000,0.000,0.000,0.0,0.0,0.4911,0.1386,23.93,0.4900,0.1392,12.86,0.0946,18.85,
5.352,0,DRIFT,1.147,0.000,-0.000,1.000,0.000,0.000,0.000,0.000,0.0,0.0,0.4814,0.1429,24.38,0.4749,0.1448,27.81,0.0997,19.30,
5.401,0,DRIFT,1.197,0.000,-0.000,1.000,0.000,0.000,0.000,0.000,0.0,0.0,0.4814,0.1429,27.23,0.4749,0.1448,27.81,0.0997,22.16,
5.453,0,DRIFT,1.249,0.000,-0.000,1.000,0.000,0.000,0.000,0.000,0.0,0.0,0.4724,0.1438,32.29,0.4683,0.1461,35.03,0.1014,27.22,
5.503,0,DRIFT,1.299,0.000,-0.000,1.000,0.000,0.000,0.000,0.000,0.0,0.0,0.4724,0.1438,35.08,0.4669,0.1463,36.47,0.1014,30.00,
5.551,0,DRIFT,1.347,0.000,-0.000,1.000,0.000,0.000,0.000,0.000,0.0,0.0,0.4724,0.1438,37.95,0.4669,0.1463,36.47,0.1014,32.87,
5.601,0,DRIFT,1.397,0.000,-0.000,1.000,0.000,0.000,0.000,0.000,0.0,0.0,0.4724,0.1438,40.81,0.4669,0.1463,36.47,0.1014,35.73,
5.652,0,DRIFT,1.447,0.000,-0.000,1.000,0.000,0.000,0.000,0.000,0.0,0.0,0.4724,0.1438,43.68,0.4669,0.1463,36.47,0.1014,38.60,
5.701,0,DRIFT,1.497,0.000,-0.000,1.000,0.000,0.000,0.000,0.000,0.0,0.0,0.4643,0.1453,42.81,0.4616,0.1442,42.63,0.1036,37.73,
5.753,0,DRIFT,1.549,0.000,-0.000,1.000,0.000,0.000,0.000,0.000,0.0,0.0,0.4643,0.1453,45.67,0.4616,0.1442,42.63,0.1036,40.60,
5.801,0,DRIFT,1.597,0.000,-0.000,1.000,0.000,0.000,0.000,0.000,0.0,0.0,0.4579,0.1421,46.91,0.4559,0.1401,44.09,0.1010,41.83,
5.852,0,DRIFT,1.648,0.000,-0.000,1.000,0.000,0.000,0.000,0.000,0.0,0.0,0.4579,0.1421,49.79,0.4559,0.1401,44.09,0.1010,44.72,
5.901,0,DRIFT,1.697,0.000,-0.000,1.000,0.000,0.000,0.000,0.000,0.0,0.0,0.4579,0.1421,52.64,0.4559,0.1401,44.09,0.1010,47.56,
5.952,0,DRIFT,1.748,0.000,-0.000,1.000,0.000,0.000,0.000,0.000,0.0,0.0,0.4579,0.1421,55.53,0.4559,0.1401,44.09,0.1010,50.45,
6.003,0,DRIFT,1.799,0.000,-0.000,1.000,0.000,0.000,0.000,0.000,0.0,0.0,0.4579,0.1421,58.37,0.4559,0.1401,44.09,0.1010,53.29,
6.053,1,DRIFT,1.849,0.000,0.000,0.000,0.000,0.000,0.000,0.000,0.0,0.0,0.4379,0.1117,71.31,0.4113,0.0588,117.17,0.0725,66.23,FIN_DRIFT_leg0_OPT_112.1deg_1.85s
6.055,1,STOP_BEFORE_DRIVE,0.001,0.000,0.000,0.000,0.000,0.000,0.000,0.000,0.0,0.0,0.4379,0.1117,71.31,0.4113,0.0588,117.17,0.0725,66.23,
6.101,1,STOP_BEFORE_DRIVE,0.046,0.000,0.000,0.000,0.000,0.000,0.000,0.000,0.0,0.0,0.4379,0.1117,71.31,0.4113,0.0588,117.17,0.0725,66.23,
6.152,1,STOP_BEFORE_DRIVE,0.097,0.000,0.000,0.000,0.000,0.000,0.000,0.000,0.0,0.0,0.4379,0.1117,71.31,0.4113,0.0588,117.17,0.0725,66.23,
6.201,1,STOP_BEFORE_DRIVE,0.147,0.000,0.000,0.000,0.000,0.000,0.000,0.000,0.0,0.0,0.4379,0.1117,71.31,0.4113,0.0588,117.17,0.0725,66.23,
6.252,1,STOP_BEFORE_DRIVE,0.197,0.000,0.000,0.000,0.000,0.000,0.000,0.000,0.0,0.0,0.4163,0.0567,117.14,0.4161,0.0518,122.48,0.0197,112.06,
6.301,1,STOP_BEFORE_DRIVE,0.246,0.000,0.000,0.000,0.000,0.000,0.000,0.000,0.0,0.0,0.4163,0.0567,117.14,0.4161,0.0520,122.41,0.0197,112.06,
6.351,1,STOP_BEFORE_DRIVE,0.296,0.000,0.000,0.000,0.000,0.000,0.000,0.000,0.0,0.0,0.4163,0.0567,117.14,0.4161,0.0521,122.39,0.0197,112.06,
6.401,1,STOP_BEFORE_DRIVE,0.346,0.000,0.000,0.000,0.000,0.000,0.000,0.000,0.0,0.0,0.4163,0.0567,117.14,0.4161,0.0521,122.40,0.0197,112.06,
6.453,1,STOP_BEFORE_DRIVE,0.398,0.000,0.000,0.000,0.000,0.000,0.000,0.000,0.0,0.0,0.4163,0.0567,117.14,0.4161,0.0521,122.40,0.0197,112.06,
6.502,1,STOP_BEFORE_DRIVE,0.447,0.000,0.000,0.000,0.000,0.000,0.000,0.000,0.0,0.0,0.4163,0.0567,117.14,0.4161,0.0521,122.40,0.0197,112.06,
6.552,1,STOP_BEFORE_DRIVE,0.497,0.000,0.000,0.000,0.000,0.000,0.000,0.000,0.0,0.0,0.4163,0.0567,117.14,0.4161,0.0521,122.40,0.0197,112.06,
6.602,1,STOP_BEFORE_DRIVE,0.547,0.000,0.000,0.000,0.000,0.000,0.000,0.000,0.0,0.0,0.4163,0.0567,117.14,0.4161,0.0521,122.39,0.0197,112.06,
6.654,1,STOP_BEFORE_DRIVE,0.599,0.000,0.000,0.000,0.000,0.000,0.000,0.000,0.0,0.0,0.4163,0.0567,117.14,0.4161,0.0521,122.39,0.0197,112.06,
6.702,1,STOP_BEFORE_DRIVE,0.647,0.000,0.000,0.000,0.000,0.000,0.000,0.000,0.0,0.0,0.4163,0.0567,117.14,0.4161,0.0521,122.39,0.0197,112.06,
6.755,1,STOP_BEFORE_DRIVE,0.700,0.000,0.000,0.000,0.000,0.000,0.000,0.000,0.0,0.0,0.4163,0.0567,117.14,0.4161,0.0521,122.39,0.0197,112.06,
6.802,1,STOP_BEFORE_DRIVE,0.748,0.000,0.000,0.000,0.000,0.000,0.000,0.000,0.0,0.0,0.4163,0.0567,117.14,0.4161,0.0521,122.39,0.0197,112.06,
6.852,1,STOP_BEFORE_DRIVE,0.797,0.000,0.000,0.000,0.000,0.000,0.000,0.000,0.0,0.0,0.4163,0.0567,117.14,0.4161,0.0521,122.39,0.0197,112.06,
6.902,1,STOP_BEFORE_DRIVE,0.847,0.000,0.000,0.000,0.000,0.000,0.000,0.000,0.0,0.0,0.4163,0.0567,117.14,0.4161,0.0521,122.39,0.0197,112.06,
6.952,1,STOP_BEFORE_DRIVE,0.897,0.000,0.000,0.000,0.000,0.000,0.000,0.000,0.0,0.0,0.4163,0.0567,117.14,0.4161,0.0521,122.39,0.0197,112.06,
7.002,1,STOP_BEFORE_DRIVE,0.947,0.000,0.000,0.000,0.000,0.000,0.000,0.000,0.0,0.0,0.4163,0.0567,117.14,0.4161,0.0521,122.39,0.0197,112.06,
7.053,1,STOP_BEFORE_DRIVE,0.998,0.000,0.000,0.000,0.000,0.000,0.000,0.000,0.0,0.0,0.4163,0.0567,117.14,0.4161,0.0521,122.38,0.0197,112.06,
7.102,1,DRIVE,0.001,0.000,0.000,0.000,0.000,0.000,0.000,0.000,0.0,0.0,0.4163,0.0567,117.14,0.4161,0.0521,122.38,-0.0000,0.00,
7.154,1,DRIVE,0.052,0.300,-0.070,-0.000,0.000,0.000,0.000,0.000,0.0,0.0,0.4163,0.0567,117.14,0.4161,0.0521,122.38,-0.0000,0.00,
7.202,1,DRIVE,0.100,0.300,-0.069,-0.000,0.000,0.000,0.000,0.000,0.0,0.0,0.4127,0.0711,117.14,0.4161,0.0521,122.38,-0.0034,0.00,
7.253,1,DRIVE,0.152,0.300,-0.068,-0.000,0.000,0.000,0.000,0.000,0.0,0.0,0.4088,0.0865,117.14,0.4161,0.0521,122.38,-0.0069,0.00,
7.302,1,DRIVE,0.201,0.300,-0.067,-0.000,0.000,0.000,0.000,0.000,0.0,0.0,0.4051,0.1010,117.14,0.4160,0.0523,122.44,-0.0102,0.00,
7.355,1,DRIVE,0.254,0.300,-0.066,-0.000,0.000,0.000,0.000,0.000,0.0,0.0,0.4012,0.1159,117.14,0.4160,0.0532,122.29,-0.0136,0.00,
7.403,1,DRIVE,0.301,0.300,-0.065,-0.000,0.000,0.000,0.000,0.000,0.0,0.0,0.3973,0.1308,117.14,0.4160,0.0532,122.29,-0.0169,0.00,
7.452,1,DRIVE,0.351,0.300,-0.064,-0.000,0.000,0.000,0.000,0.000,0.0,0.0,0.3933,0.1456,117.14,0.4160,0.0532,122.29,-0.0201,0.00,
7.502,1,DRIVE,0.401,0.300,-0.063,-0.000,0.000,0.000,0.000,0.000,0.0,0.0,0.3894,0.1604,117.14,0.4160,0.0544,122.31,-0.0233,0.00,
7.551,1,DRIVE,0.450,0.300,-0.069,-0.088,0.000,0.000,0.000,0.000,0.0,0.0,0.4096,0.0803,122.19,0.4147,0.0770,122.28,-0.0048,5.05,
7.603,1,DRIVE,0.502,0.300,-0.068,-0.084,0.000,0.000,0.000,0.000,0.0,0.0,0.4046,0.0948,121.94,0.4147,0.0785,122.36,-0.0069,4.80,
7.651,1,DRIVE,0.550,0.300,-0.067,-0.080,0.000,0.000,0.000,0.000,0.0,0.0,0.3995,0.1093,121.70,0.4147,0.0785,122.36,-0.0090,4.56,
7.701,1,DRIVE,0.600,0.300,-0.067,-0.076,0.000,0.000,0.000,0.000,0.0,0.0,0.3945,0.1238,121.47,0.4147,0.0785,122.36,-0.0112,4.33,
7.752,1,DRIVE,0.651,0.300,-0.064,-0.079,0.000,0.000,0.000,0.000,0.0,0.0,0.4075,0.1198,121.68,0.4117,0.1267,121.79,-0.0210,4.55,
7.801,1,DRIVE,0.700,0.300,-0.063,-0.075,0.000,0.000,0.000,0.000,0.0,0.0,0.4025,0.1339,121.46,0.4117,0.1267,121.79,-0.0229,4.32,
7.853,1,DRIVE,0.752,0.300,-0.063,-0.072,0.000,0.000,0.000,0.000,0.0,0.0,0.3973,0.1484,121.24,0.4117,0.1267,121.79,-0.0249,4.11,
7.901,1,DRIVE,0.800,0.300,-0.062,-0.068,0.000,0.000,0.000,0.000,0.0,0.0,0.3922,0.1628,121.04,0.4117,0.1267,121.79,-0.0270,3.90,
7.952,1,DRIVE,0.851,0.300,-0.061,-0.065,0.000,0.000,0.000,0.000,0.0,0.0,0.3871,0.1774,120.84,0.4117,0.1267,121.79,-0.0291,3.70,
8.001,1,DRIVE,0.900,0.300,-0.055,-0.073,0.000,0.000,0.000,0.000,0.0,0.0,0.4049,0.1907,121.34,0.4100,0.2073,121.39,-0.0510,4.21,
8.052,1,DRIVE,0.951,0.300,-0.054,-0.070,0.000,0.000,0.000,0.000,0.0,0.0,0.3993,0.2053,121.13,0.4100,0.2073,121.39,-0.0527,3.99,
8.103,1,DRIVE,1.002,0.300,-0.054,-0.066,0.000,0.000,0.000,0.000,0.0,0.0,0.3940,0.2192,120.93,0.4100,0.2073,121.39,-0.0543,3.80,
8.152,1,DRIVE,1.050,0.300,-0.049,-0.070,0.000,0.000,0.000,0.000,0.0,0.0,0.4038,0.2373,121.16,0.4094,0.2325,121.30,-0.0712,4.02,
8.201,1,DRIVE,1.100,0.300,-0.048,-0.067,0.000,0.000,0.000,0.000,0.0,0.0,0.3981,0.2513,120.96,0.4094,0.2325,121.30,-0.0726,3.82,
8.253,1,DRIVE,1.151,0.300,-0.048,-0.063,0.000,0.000,0.000,0.000,0.0,0.0,0.3923,0.2657,120.76,0.4094,0.2325,121.30,-0.0740,3.63,
8.302,1,DRIVE,1.201,0.300,-0.047,-0.060,0.000,0.000,0.000,0.000,0.0,0.0,0.3868,0.2796,120.58,0.4094,0.2325,121.30,-0.0754,3.45,
8.355,1,DRIVE,1.253,0.300,-0.047,-0.057,0.000,0.000,0.000,0.000,0.0,0.0,0.3812,0.2937,120.41,0.4094,0.2325,121.30,-0.0769,3.28,
8.401,1,DRIVE,1.300,0.300,-0.042,-0.064,0.000,0.000,0.000,0.000,0.0,0.0,0.4028,0.2891,120.82,0.4082,0.3073,120.68,-0.0940,3.68,
8.451,1,DRIVE,1.350,0.300,-0.037,-0.060,0.000,0.000,0.000,0.000,0.0,0.0,0.4021,0.3270,120.58,0.4090,0.3217,120.82,-0.1106,3.45,
8.502,1,DRIVE,1.400,0.300,-0.037,-0.057,0.000,0.000,0.000,0.000,0.0,0.0,0.3960,0.3409,120.41,0.4090,0.3217,120.82,-0.1116,3.28,
8.551,1,DRIVE,1.450,0.300,-0.036,-0.054,0.000,0.000,0.000,0.000,0.0,0.0,0.3900,0.3548,120.25,0.4090,0.3217,120.82,-0.1125,3.11,
8.605,1,DRIVE,1.503,0.300,-0.035,-0.060,0.000,0.000,0.000,0.000,0.0,0.0,0.4012,0.3426,120.58,0.4094,0.3299,120.78,-0.1170,3.45,
8.652,1,DRIVE,1.550,0.300,-0.030,-0.063,0.000,0.000,0.000,0.000,0.0,0.0,0.4032,0.3761,120.77,0.4098,0.3849,120.92,-0.1341,3.63,
8.701,1,DRIVE,1.600,0.300,-0.026,-0.063,0.000,0.000,0.000,0.000,0.0,0.0,0.4032,0.4059,120.76,0.4104,0.4007,120.96,-0.1476,3.62,
8.751,1,DRIVE,1.650,0.300,-0.024,-0.063,0.000,0.000,0.000,0.000,0.0,0.0,0.4024,0.4208,120.73,0.4106,0.4122,120.99,-0.1537,3.59,
8.801,1,DRIVE,1.700,0.300,-0.022,-0.062,0.000,0.000,0.000,0.000,0.0,0.0,0.4030,0.4319,120.71,0.4104,0.4218,120.85,-0.1593,3.58,
8.853,1,DRIVE,1.752,0.300,-0.022,-0.059,0.000,0.000,0.000,0.000,0.0,0.0,0.3963,0.4454,120.53,0.4104,0.4218,120.85,-0.1595,3.40,
8.902,1,DRIVE,1.800,0.300,-0.022,-0.056,0.000,0.000,0.000,0.000,0.0,0.0,0.3895,0.4590,120.36,0.4104,0.4218,120.85,-0.1597,3.23,
8.952,1,DRIVE,1.851,0.300,-0.020,-0.061,0.000,0.000,0.000,0.000,0.0,0.0,0.4021,0.4516,120.66,0.4107,0.4360,120.89,-0.1675,3.52,
9.002,1,DRIVE,1.901,0.300,-0.017,-0.058,0.000,0.000,0.000,0.000,0.0,0.0,0.4034,0.4707,120.48,0.4108,0.4769,120.57,-0.1773,3.35,
9.051,1,DRIVE,1.950,0.300,-0.013,-0.053,0.000,0.000,0.000,0.000,0.0,0.0,0.4030,0.4982,120.15,0.4099,0.4982,120.07,-0.1896,3.01,
9.103,1,DRIVE,2.002,0.300,-0.010,-0.047,0.000,0.000,0.000,0.000,0.0,0.0,0.4027,0.5201,119.81,0.4106,0.5145,119.96,-0.1992,2.67,
9.151,1,DRIVE,2.050,0.300,-0.008,-0.046,0.000,0.000,0.000,0.000,0.0,0.0,0.4022,0.5343,119.80,0.4113,0.5237,120.02,-0.2053,2.66,
9.203,1,DRIVE,2.101,0.300,-0.008,-0.044,0.000,0.000,0.000,0.000,0.0,0.0,0.3950,0.5479,119.66,0.4113,0.5237,120.02,-0.2050,2.53,
9.252,1,DRIVE,2.151,0.300,-0.006,-0.046,0.000,0.000,0.000,0.000,0.0,0.0,0.4037,0.5494,119.78,0.4117,0.5453,119.96,-0.2136,2.65,
9.303,1,DRIVE,2.202,0.000,0.000,0.000,0.000,0.000,0.000,0.000,0.0,0.0,0.4041,0.5698,119.81,0.4123,0.5697,120.05,-0.2232,2.67,FIN_DRIVE_leg1_KF_0.51m
9.304,1,STOP_BEFORE_SPIN,0.000,0.000,0.000,0.000,0.000,0.000,0.000,0.000,0.0,0.0,0.4041,0.5698,119.81,0.4123,0.5697,120.05,-0.2232,2.67,
9.351,1,STOP_BEFORE_SPIN,0.048,0.000,0.000,0.000,0.000,0.000,0.000,0.000,0.0,0.0,0.4114,0.5751,120.04,0.4127,0.5820,120.21,-0.2321,2.90,
9.401,1,STOP_BEFORE_SPIN,0.098,0.000,0.000,0.000,0.000,0.000,0.000,0.000,0.0,0.0,0.4124,0.5852,120.22,0.4135,0.5989,120.47,-0.2376,3.08,
9.451,1,STOP_BEFORE_SPIN,0.148,0.000,0.000,0.000,0.000,0.000,0.000,0.000,0.0,0.0,0.4133,0.5999,120.36,0.4135,0.6041,120.43,-0.2451,3.22,
9.502,1,STOP_BEFORE_SPIN,0.198,0.000,0.000,0.000,0.000,0.000,0.000,0.000,0.0,0.0,0.4133,0.5999,120.36,0.4135,0.6041,120.43,-0.2451,3.22,
9.551,1,STOP_BEFORE_SPIN,0.248,0.000,0.000,0.000,0.000,0.000,0.000,0.000,0.0,0.0,0.4133,0.5999,120.36,0.4135,0.6041,120.43,-0.2451,3.22,
9.601,1,STOP_BEFORE_SPIN,0.298,0.000,0.000,0.000,0.000,0.000,0.000,0.000,0.0,0.0,0.4133,0.5999,120.36,0.4137,0.6049,120.64,-0.2451,3.22,
9.651,1,STOP_BEFORE_SPIN,0.348,0.000,0.000,0.000,0.000,0.000,0.000,0.000,0.0,0.0,0.4138,0.6085,120.70,0.4139,0.6091,120.74,-0.2495,3.57,
9.702,1,STOP_BEFORE_SPIN,0.399,0.000,0.000,0.000,0.000,0.000,0.000,0.000,0.0,0.0,0.4138,0.6085,120.70,0.4139,0.6090,120.76,-0.2495,3.57,
9.751,1,STOP_BEFORE_SPIN,0.448,0.000,0.000,0.000,0.000,0.000,0.000,0.000,0.0,0.0,0.4138,0.6085,120.70,0.4139,0.6091,120.74,-0.2495,3.57,
9.804,1,STOP_BEFORE_SPIN,0.501,0.000,0.000,0.000,0.000,0.000,0.000,0.000,0.0,0.0,0.4138,0.6085,120.70,0.4139,0.6091,120.75,-0.2495,3.57,
9.852,1,STOP_BEFORE_SPIN,0.549,0.000,0.000,0.000,0.000,0.000,0.000,0.000,0.0,0.0,0.4138,0.6085,120.70,0.4139,0.6091,120.75,-0.2495,3.57,
9.901,1,STOP_BEFORE_SPIN,0.598,0.000,0.000,0.000,0.000,0.000,0.000,0.000,0.0,0.0,0.4138,0.6085,120.70,0.4139,0.6091,120.75,-0.2495,3.57,
9.953,1,STOP_BEFORE_SPIN,0.650,0.000,0.000,0.000,0.000,0.000,0.000,0.000,0.0,0.0,0.4138,0.6085,120.70,0.4139,0.6090,120.74,-0.2495,3.57,
10.002,1,STOP_BEFORE_SPIN,0.699,0.000,0.000,0.000,0.000,0.000,0.000,0.000,0.0,0.0,0.4138,0.6085,120.70,0.4139,0.6090,120.75,-0.2495,3.57,
10.052,1,STOP_BEFORE_SPIN,0.748,0.000,0.000,0.000,0.000,0.000,0.000,0.000,0.0,0.0,0.4138,0.6085,120.70,0.4139,0.6091,120.73,-0.2495,3.57,
10.103,1,STOP_BEFORE_SPIN,0.800,0.000,0.000,0.000,0.000,0.000,0.000,0.000,0.0,0.0,0.4138,0.6085,120.70,0.4139,0.6091,120.74,-0.2495,3.57,
10.152,1,STOP_BEFORE_SPIN,0.848,0.000,0.000,0.000,0.000,0.000,0.000,0.000,0.0,0.0,0.4138,0.6085,120.70,0.4139,0.6090,120.72,-0.2495,3.57,
10.203,1,STOP_BEFORE_SPIN,0.900,0.000,0.000,0.000,0.000,0.000,0.000,0.000,0.0,0.0,0.4138,0.6085,120.70,0.4139,0.6091,120.74,-0.2495,3.57,
10.252,1,STOP_BEFORE_SPIN,0.949,0.000,0.000,0.000,0.000,0.000,0.000,0.000,0.0,0.0,0.4138,0.6085,120.70,0.4139,0.6091,120.74,-0.2495,3.57,
10.302,1,STOP_BEFORE_SPIN,0.999,0.000,0.000,0.000,0.000,0.000,0.000,0.000,0.0,0.0,0.4138,0.6085,120.70,0.4139,0.6091,120.73,-0.2495,3.57,
10.353,1,STOP_BEFORE_SPIN,1.050,0.000,0.000,0.000,0.000,0.000,0.000,0.000,0.0,0.0,0.4138,0.6085,120.70,0.4139,0.6091,120.76,-0.2495,3.57,INICIO_DRIFT_leg1
10.354,1,DRIFT,0.001,0.000,0.000,0.000,0.000,0.000,0.000,0.000,0.0,0.0,0.4138,0.6085,120.70,0.4139,0.6091,120.76,-0.2796,0.00,
10.401,1,DRIFT,0.048,0.000,-0.000,1.000,0.000,0.000,0.000,0.000,0.0,0.0,0.4138,0.6085,120.70,0.4139,0.6091,120.76,-0.2796,0.00,
10.452,1,DRIFT,0.098,0.000,-0.000,1.000,0.000,0.000,0.000,0.000,0.0,0.0,0.4138,0.6085,123.58,0.4139,0.6091,120.76,-0.2796,2.88,
10.502,1,DRIFT,0.149,0.000,-0.000,1.000,0.000,0.000,0.000,0.000,0.0,0.0,0.4138,0.6085,126.45,0.4140,0.6089,120.79,-0.2796,5.74,
10.552,1,DRIFT,0.198,0.000,-0.000,1.000,0.000,0.000,0.000,0.000,0.0,0.0,0.4138,0.6085,129.31,0.4141,0.6088,120.90,-0.2796,8.61,
10.602,1,DRIFT,0.249,0.000,-0.000,1.000,0.000,0.000,0.000,0.000,0.0,0.0,0.4138,0.6085,132.18,0.4141,0.6088,120.90,-0.2796,11.48,
10.657,1,DRIFT,0.303,0.000,-0.000,1.000,0.000,0.000,0.000,0.000,0.0,0.0,0.4138,0.6085,135.17,0.4141,0.6086,120.96,-0.2796,14.47,
10.703,1,DRIFT,0.349,0.000,-0.000,1.000,0.000,0.000,0.000,0.000,0.0,0.0,0.4138,0.6085,137.96,0.4141,0.6085,121.05,-0.2796,17.26,
10.752,1,DRIFT,0.398,0.000,-0.000,1.000,0.000,0.000,0.000,0.000,0.0,0.0,0.4138,0.6085,140.76,0.4141,0.6085,121.04,-0.2796,20.06,
10.802,1,DRIFT,0.448,0.000,-0.000,1.000,0.000,0.000,0.000,0.000,0.0,0.0,0.4138,0.6085,143.64,0.4141,0.6084,121.07,-0.2796,22.93,
10.852,1,DRIFT,0.498,0.000,-0.000,1.000,0.000,0.000,0.000,0.000,0.0,0.0,0.4138,0.6085,146.49,0.4141,0.6083,121.08,-0.2796,25.78,
10.904,1,DRIFT,0.551,0.000,-0.000,1.000,0.000,0.000,0.000,0.000,0.0,0.0,0.4138,0.6085,149.36,0.4141,0.6083,121.08,-0.2796,28.66,
10.952,1,DRIFT,0.599,0.000,-0.000,1.000,0.000,0.000,0.000,0.000,0.0,0.0,0.4138,0.6085,152.25,0.4141,0.6083,121.08,-0.2796,31.55,
11.002,1,DRIFT,0.649,0.000,-0.000,1.000,0.000,0.000,0.000,0.000,0.0,0.0,0.4138,0.6085,155.10,0.4141,0.6083,121.08,-0.2796,34.39,
11.054,1,DRIFT,0.700,0.000,-0.000,1.000,0.000,0.000,0.000,0.000,0.0,0.0,0.4138,0.6085,158.08,0.4141,0.6082,121.14,-0.2796,37.38,
11.103,1,DRIFT,0.749,0.000,-0.000,1.000,0.000,0.000,0.000,0.000,0.0,0.0,0.4138,0.6085,160.87,0.4141,0.6082,121.20,-0.2796,40.17,
11.154,1,DRIFT,0.801,0.000,-0.000,1.000,0.000,0.000,0.000,0.000,0.0,0.0,0.4138,0.6085,163.69,0.4141,0.6081,121.27,-0.2796,42.99,
11.202,1,DRIFT,0.848,0.000,-0.000,1.000,0.000,0.000,0.000,0.000,0.0,0.0,0.4138,0.6085,166.55,0.4143,0.6072,122.04,-0.2796,45.84,
11.252,1,DRIFT,0.898,0.000,-0.000,1.000,0.000,0.000,0.000,0.000,0.0,0.0,0.4138,0.6085,169.42,0.4143,0.6072,122.04,-0.2796,48.71,
11.301,1,DRIFT,0.948,0.000,-0.000,1.000,0.000,0.000,0.000,0.000,0.0,0.0,0.4155,0.6039,128.08,0.4171,0.6016,126.43,-0.2788,7.37,
11.351,1,DRIFT,0.998,0.000,-0.000,1.000,0.000,0.000,0.000,0.000,0.0,0.0,0.4180,0.6006,130.79,0.4198,0.5985,129.05,-0.2792,10.08,
11.404,1,DRIFT,1.050,0.000,-0.000,1.000,0.000,0.000,0.000,0.000,0.0,0.0,0.4215,0.5969,134.07,0.4231,0.5955,131.90,-0.2804,13.36,
11.451,1,DRIFT,1.098,0.000,-0.000,1.000,0.000,0.000,0.000,0.000,0.0,0.0,0.4244,0.5927,137.42,0.4258,0.5902,135.75,-0.2807,16.71,
11.502,1,DRIFT,1.148,0.000,-0.000,1.000,0.000,0.000,0.000,0.000,0.0,0.0,0.4244,0.5927,140.30,0.4266,0.5891,136.71,-0.2807,19.59,
11.551,1,DRIFT,1.198,0.000,-0.000,1.000,0.000,0.000,0.000,0.000,0.0,0.0,0.4244,0.5927,143.15,0.4266,0.5891,136.71,-0.2807,22.45,
11.602,1,DRIFT,1.248,0.000,-0.000,1.000,0.000,0.000,0.000,0.000,0.0,0.0,0.4244,0.5927,146.02,0.4266,0.5891,136.71,-0.2807,25.32,
11.653,1,DRIFT,1.300,0.000,-0.000,1.000,0.000,0.000,0.000,0.000,0.0,0.0,0.4296,0.5852,143.14,0.4339,0.5808,143.21,-0.2813,22.43,
11.701,1,DRIFT,1.348,0.000,-0.000,1.000,0.000,0.000,0.000,0.000,0.0,0.0,0.4360,0.5778,148.10,0.4404,0.5733,148.50,-0.2830,27.40,
11.751,1,DRIFT,1.398,0.000,-0.000,1.000,0.000,0.000,0.000,0.000,0.0,0.0,0.4410,0.5724,152.41,0.4431,0.5704,150.66,-0.2846,31.70,
11.801,1,DRIFT,1.448,0.000,-0.000,1.000,0.000,0.000,0.000,0.000,0.0,0.0,0.4457,0.5685,156.01,0.4481,0.5668,154.27,-0.2866,35.31,
11.852,1,DRIFT,1.498,0.000,-0.000,1.000,0.000,0.000,0.000,0.000,0.0,0.0,0.4457,0.5685,158.89,0.4488,0.5665,154.71,-0.2866,38.19,
11.903,1,DRIFT,1.549,0.000,-0.000,1.000,0.000,0.000,0.000,0.000,0.0,0.0,0.4457,0.5685,161.74,0.4488,0.5665,154.71,-0.2866,41.04,
11.951,1,DRIFT,1.598,0.000,-0.000,1.000,0.000,0.000,0.000,0.000,0.0,0.0,0.4457,0.5685,164.62,0.4488,0.5665,154.71,-0.2866,43.91,
12.001,1,DRIFT,1.648,0.000,-0.000,1.000,0.000,0.000,0.000,0.000,0.0,0.0,0.4537,0.5642,161.62,0.4570,0.5620,161.08,-0.2913,40.92,
12.052,1,DRIFT,1.699,0.000,-0.000,1.000,0.000,0.000,0.000,0.000,0.0,0.0,0.4594,0.5611,166.13,0.4619,0.5593,164.23,-0.2946,45.42,
12.101,1,DRIFT,1.748,0.000,-0.000,1.000,0.000,0.000,0.000,0.000,0.0,0.0,0.4643,0.5582,168.50,0.4661,0.5573,165.78,-0.2973,47.79,
12.153,1,DRIFT,1.799,0.000,-0.000,1.000,0.000,0.000,0.000,0.000,0.0,0.0,0.4643,0.5582,171.37,0.4695,0.5559,167.04,-0.2973,50.66,
12.201,1,DRIFT,1.848,0.000,-0.000,1.000,0.000,0.000,0.000,0.000,0.0,0.0,0.4700,0.5558,171.10,0.4713,0.5552,167.79,-0.3010,50.40,
12.252,1,DRIFT,1.898,0.000,-0.000,1.000,0.000,0.000,0.000,0.000,0.0,0.0,0.4700,0.5558,173.98,0.4713,0.5552,167.79,-0.3010,53.28,
12.302,1,DRIFT,1.948,0.000,-0.000,1.000,0.000,0.000,0.000,0.000,0.0,0.0,0.4700,0.5558,176.85,0.4713,0.5552,167.79,-0.3010,56.14,
12.351,1,DRIFT,1.998,0.000,-0.000,1.000,0.000,0.000,0.000,0.000,0.0,0.0,0.4779,0.5530,173.58,0.4809,0.5522,171.26,-0.3064,52.88,
12.404,1,DRIFT,2.050,0.000,-0.000,1.000,0.000,0.000,0.000,0.000,0.0,0.0,0.4844,0.5515,176.18,0.4904,0.5501,174.58,-0.3112,55.48,
12.451,1,DRIFT,2.098,0.000,-0.000,1.000,0.000,0.000,0.000,0.000,0.0,0.0,0.4898,0.5503,178.06,0.4933,0.5493,175.53,-0.3152,57.35,
12.501,1,DRIFT,2.148,0.000,-0.000,1.000,0.000,0.000,0.000,0.000,0.0,0.0,0.4898,0.5503,-179.08,0.4956,0.5491,176.09,-0.3152,60.22,
12.551,1,DRIFT,2.198,0.000,-0.000,1.000,0.000,0.000,0.000,0.000,0.0,0.0,0.4953,0.5492,179.91,0.4973,0.5487,176.58,-0.3194,59.21,
12.601,1,DRIFT,2.248,0.000,-0.000,1.000,0.000,0.000,0.000,0.000,0.0,0.0,0.4953,0.5492,-177.22,0.4973,0.5487,176.58,-0.3194,62.07,
12.654,1,DRIFT,2.301,0.000,-0.000,1.000,0.000,0.000,0.000,0.000,0.0,0.0,0.4953,0.5492,-174.30,0.4973,0.5487,176.58,-0.3194,65.00,
12.701,1,DRIFT,2.348,0.000,-0.000,1.000,0.000,0.000,0.000,0.000,0.0,0.0,0.5026,0.5478,-177.56,0.5060,0.5475,179.81,-0.3250,61.74,
12.751,1,DRIFT,2.398,0.000,-0.000,1.000,0.000,0.000,0.000,0.000,0.0,0.0,0.5138,0.5479,-174.09,0.5199,0.5478,-175.21,-0.3346,65.20,
12.802,1,DRIFT,2.448,0.000,-0.000,1.000,0.000,0.000,0.000,0.000,0.0,0.0,0.5138,0.5479,-171.19,0.5238,0.5476,-174.53,-0.3346,68.10,
12.853,2,DRIFT,2.499,0.000,0.000,0.000,0.000,0.000,0.000,0.000,0.0,0.0,0.5237,0.5476,-170.93,0.5259,0.5477,-174.06,-0.3430,68.36,FIN_DRIFT_leg1_TIMEOUT_2.5s_2.50s
12.854,2,STOP_BEFORE_DRIVE,0.000,0.000,0.000,0.000,0.000,0.000,0.000,0.000,0.0,0.0,0.5237,0.5476,-170.93,0.5259,0.5477,-174.06,-0.3430,68.36,
12.901,2,STOP_BEFORE_DRIVE,0.047,0.000,0.000,0.000,0.000,0.000,0.000,0.000,0.0,0.0,0.5237,0.5476,-170.93,0.5267,0.5478,-173.76,-0.3430,68.36,
12.952,2,STOP_BEFORE_DRIVE,0.098,0.000,0.000,0.000,0.000,0.000,0.000,0.000,0.0,0.0,0.5237,0.5476,-170.93,0.5267,0.5478,-173.76,-0.3430,68.36,
13.002,2,STOP_BEFORE_DRIVE,0.149,0.000,0.000,0.000,0.000,0.000,0.000,0.000,0.0,0.0,0.5237,0.5476,-170.93,0.5267,0.5478,-173.76,-0.3430,68.36,
13.052,2,STOP_BEFORE_DRIVE,0.198,0.000,0.000,0.000,0.000,0.000,0.000,0.000,0.0,0.0,0.5237,0.5476,-170.93,0.5280,0.5474,-173.35,-0.3430,68.36,
13.103,2,STOP_BEFORE_DRIVE,0.249,0.000,0.000,0.000,0.000,0.000,0.000,0.000,0.0,0.0,0.5237,0.5476,-170.93,0.5280,0.5474,-173.37,-0.3430,68.36,
13.152,2,STOP_BEFORE_DRIVE,0.298,0.000,0.000,0.000,0.000,0.000,0.000,0.000,0.0,0.0,0.5237,0.5476,-170.93,0.5280,0.5474,-173.37,-0.3430,68.36,
13.202,2,STOP_BEFORE_DRIVE,0.348,0.000,0.000,0.000,0.000,0.000,0.000,0.000,0.0,0.0,0.5237,0.5476,-170.93,0.5280,0.5474,-173.36,-0.3430,68.36,
13.252,2,STOP_BEFORE_DRIVE,0.398,0.000,0.000,0.000,0.000,0.000,0.000,0.000,0.0,0.0,0.5237,0.5476,-170.93,0.5280,0.5474,-173.37,-0.3430,68.36,
13.302,2,STOP_BEFORE_DRIVE,0.448,0.000,0.000,0.000,0.000,0.000,0.000,0.000,0.0,0.0,0.5237,0.5476,-170.93,0.5280,0.5474,-173.37,-0.3430,68.36,
13.352,2,STOP_BEFORE_DRIVE,0.499,0.000,0.000,0.000,0.000,0.000,0.000,0.000,0.0,0.0,0.5237,0.5476,-170.93,0.5280,0.5474,-173.37,-0.3430,68.36,
13.405,2,STOP_BEFORE_DRIVE,0.551,0.000,0.000,0.000,0.000,0.000,0.000,0.000,0.0,0.0,0.5237,0.5476,-170.93,0.5280,0.5474,-173.36,-0.3430,68.36,
13.451,2,STOP_BEFORE_DRIVE,0.597,0.000,0.000,0.000,0.000,0.000,0.000,0.000,0.0,0.0,0.5237,0.5476,-170.93,0.5280,0.5474,-173.38,-0.3430,68.36,
13.502,2,STOP_BEFORE_DRIVE,0.648,0.000,0.000,0.000,0.000,0.000,0.000,0.000,0.0,0.0,0.5237,0.5476,-170.93,0.5280,0.5474,-173.37,-0.3430,68.36,
13.552,2,STOP_BEFORE_DRIVE,0.698,0.000,0.000,0.000,0.000,0.000,0.000,0.000,0.0,0.0,0.5237,0.5476,-170.93,0.5280,0.5474,-173.39,-0.3430,68.36,
13.602,2,STOP_BEFORE_DRIVE,0.748,0.000,0.000,0.000,0.000,0.000,0.000,0.000,0.0,0.0,0.5237,0.5476,-170.93,0.5280,0.5474,-173.39,-0.3430,68.36,
13.652,2,STOP_BEFORE_DRIVE,0.798,0.000,0.000,0.000,0.000,0.000,0.000,0.000,0.0,0.0,0.5237,0.5476,-170.93,0.5280,0.5474,-173.39,-0.3430,68.36,
13.703,2,STOP_BEFORE_DRIVE,0.849,0.000,0.000,0.000,0.000,0.000,0.000,0.000,0.0,0.0,0.5237,0.5476,-170.93,0.5280,0.5474,-173.39,-0.3430,68.36,
13.753,2,STOP_BEFORE_DRIVE,0.899,0.000,0.000,0.000,0.000,0.000,0.000,0.000,0.0,0.0,0.5237,0.5476,-170.93,0.5280,0.5473,-173.39,-0.3430,68.36,
13.803,2,STOP_BEFORE_DRIVE,0.949,0.000,0.000,0.000,0.000,0.000,0.000,0.000,0.0,0.0,0.5237,0.5476,-170.93,0.5280,0.5474,-173.38,-0.3430,68.36,
13.852,2,STOP_BEFORE_DRIVE,0.998,0.000,0.000,0.000,0.000,0.000,0.000,0.000,0.0,0.0,0.5237,0.5476,-170.93,0.5280,0.5474,-173.38,-0.3430,68.36,
13.904,2,DRIVE,0.001,0.000,0.000,0.000,0.000,0.000,0.000,0.000,0.0,0.0,0.5237,0.5476,-170.93,0.5280,0.5474,-173.37,0.0000,0.00,
13.953,2,DRIVE,0.050,0.300,-0.070,-0.000,0.000,0.000,0.000,0.000,0.0,0.0,0.5237,0.5476,-170.93,0.5280,0.5474,-173.37,0.0000,0.00,
14.002,2,DRIVE,0.099,0.300,-0.069,-0.000,0.000,0.000,0.000,0.000,0.0,0.0,0.5089,0.5486,-170.93,0.5280,0.5474,-173.36,-0.0034,0.00,
14.052,2,DRIVE,0.149,0.300,-0.068,-0.000,0.000,0.000,0.000,0.000,0.0,0.0,0.4935,0.5497,-170.93,0.5280,0.5474,-173.36,-0.0068,0.00,
14.102,2,DRIVE,0.199,0.300,-0.067,-0.000,0.000,0.000,0.000,0.000,0.0,0.0,0.4781,0.5507,-170.93,0.5280,0.5474,-173.37,-0.0103,0.00,
14.154,2,DRIVE,0.251,0.300,-0.066,-0.000,0.000,0.000,0.000,0.000,0.0,0.0,0.4628,0.5516,-170.93,0.5265,0.5478,-173.52,-0.0136,0.00,
14.203,2,DRIVE,0.300,0.300,-0.065,-0.000,0.000,0.000,0.000,0.000,0.0,0.0,0.4471,0.5525,-170.93,0.5253,0.5477,-173.51,-0.0170,0.00,
14.253,2,DRIVE,0.350,0.300,-0.069,0.046,0.000,0.000,0.000,0.000,0.0,0.0,0.5068,0.5493,-173.55,0.5230,0.5476,-173.60,-0.0043,-2.62,
14.301,2,DRIVE,0.398,0.300,-0.068,0.044,0.000,0.000,0.000,0.000,0.0,0.0,0.4921,0.5509,-173.43,0.5204,0.5480,-173.54,-0.0083,-2.49,
14.354,2,DRIVE,0.451,0.300,-0.066,0.041,0.000,0.000,0.000,0.000,0.0,0.0,0.4761,0.5526,-173.30,0.5204,0.5480,-173.54,-0.0125,-2.36,
14.406,2,DRIVE,0.503,0.300,-0.065,0.039,0.000,0.000,0.000,0.000,0.0,0.0,0.4611,0.5542,-173.18,0.5204,0.5480,-173.54,-0.0164,-2.25,
14.452,2,DRIVE,0.549,0.300,-0.064,0.037,0.000,0.000,0.000,0.000,0.0,0.0,0.4461,0.5556,-173.07,0.5204,0.5480,-173.54,-0.0201,-2.14,
14.502,2,DRIVE,0.599,0.300,-0.068,0.042,0.000,0.000,0.000,0.000,0.0,0.0,0.4925,0.5508,-173.34,0.4949,0.5509,-173.33,-0.0081,-2.40,
14.552,2,DRIVE,0.649,0.300,-0.066,0.040,0.000,0.000,0.000,0.000,0.0,0.0,0.4727,0.5534,-173.21,0.4816,0.5525,-173.32,-0.0138,-2.28,
14.602,2,DRIVE,0.699,0.300,-0.065,0.038,0.000,0.000,0.000,0.000,0.0,0.0,0.4568,0.5553,-173.10,0.4664,0.5544,-173.29,-0.0181,-2.17,
14.653,2,DRIVE,0.750,0.300,-0.063,0.038,0.000,0.000,0.000,0.000,0.0,0.0,0.4431,0.5569,-173.12,0.4524,0.5565,-173.12,-0.0219,-2.19,
14.701,2,DRIVE,0.798,0.300,-0.062,0.036,0.000,0.000,0.000,0.000,0.0,0.0,0.4278,0.5583,-173.01,0.4524,0.5565,-173.12,-0.0257,-2.08,
14.752,2,DRIVE,0.849,0.300,-0.061,0.034,0.000,0.000,0.000,0.000,0.0,0.0,0.4123,0.5596,-172.91,0.4524,0.5565,-173.12,-0.0294,-1.98,
14.802,2,DRIVE,0.899,0.300,-0.060,0.033,0.000,0.000,0.000,0.000,0.0,0.0,0.3970,0.5608,-172.81,0.4498,0.5568,-173.23,-0.0330,-1.88,
14.852,2,DRIVE,0.949,0.300,-0.061,0.035,0.000,0.000,0.000,0.000,0.0,0.0,0.4092,0.5612,-172.95,0.3974,0.5638,-172.94,-0.0315,-2.02,
14.904,2,DRIVE,1.001,0.300,-0.057,0.031,0.000,0.000,0.000,0.000,0.0,0.0,0.3692,0.5665,-172.72,0.3688,0.5675,-172.78,-0.0431,-1.79,
14.951,2,DRIVE,1.048,0.300,-0.055,0.032,0.000,0.000,0.000,0.000,0.0,0.0,0.3456,0.5694,-172.79,0.3540,0.5694,-172.88,-0.0496,-1.86,
15.002,2,DRIVE,1.099,0.300,-0.054,0.033,0.000,0.000,0.000,0.000,0.0,0.0,0.3271,0.5715,-172.81,0.3367,0.5714,-172.95,-0.0546,-1.88,
15.051,2,DRIVE,1.148,0.300,-0.053,0.031,0.000,0.000,0.000,0.000,0.0,0.0,0.3122,0.5722,-172.72,0.3367,0.5714,-172.95,-0.0577,-1.79,
15.101,2,DRIVE,1.198,0.300,-0.052,0.030,0.000,0.000,0.000,0.000,0.0,0.0,0.2970,0.5729,-172.63,0.3367,0.5714,-172.95,-0.0608,-1.70,
15.155,2,DRIVE,1.252,0.300,-0.051,0.028,0.000,0.000,0.000,0.000,0.0,0.0,0.2815,0.5736,-172.55,0.3367,0.5714,-172.95,-0.0639,-1.61,
15.203,2,DRIVE,1.300,0.300,-0.050,0.027,0.000,0.000,0.000,0.000,0.0,0.0,0.2923,0.5766,-172.47,0.2807,0.5806,-171.84,-0.0651,-1.54,
15.252,2,DRIVE,1.348,0.300,-0.047,0.014,0.000,0.000,0.000,0.000,0.0,0.0,0.2572,0.5820,-171.72,0.2588,0.5836,-171.43,-0.0760,-0.79,
15.301,2,DRIVE,1.398,0.300,-0.046,0.010,0.000,0.000,0.000,0.000,0.0,0.0,0.2383,0.5842,-171.49,0.2470,0.5852,-171.41,-0.0811,-0.56,
15.351,2,DRIVE,1.448,0.300,-0.044,0.004,0.000,0.000,0.000,0.000,0.0,0.0,0.2236,0.5859,-171.16,0.2356,0.5867,-170.93,-0.0852,-0.23,
15.403,2,DRIVE,1.500,0.300,-0.044,0.004,0.000,0.000,0.000,0.000,0.0,0.0,0.2085,0.5858,-171.15,0.2313,0.5874,-170.96,-0.0874,-0.22,
15.452,2,DRIVE,1.549,0.300,-0.043,0.004,0.000,0.000,0.000,0.000,0.0,0.0,0.1932,0.5857,-171.14,0.2313,0.5874,-170.96,-0.0897,-0.21,
15.501,2,DRIVE,1.598,0.300,-0.043,0.001,0.000,0.000,0.000,0.000,0.0,0.0,0.2096,0.5878,-170.98,0.2229,0.5885,-170.97,-0.0892,-0.05,
15.552,2,DRIVE,1.649,0.300,-0.042,-0.006,0.000,0.000,0.000,0.000,0.0,0.0,0.1979,0.5892,-170.61,0.2066,0.5901,-170.56,-0.0925,0.32,
15.601,2,DRIVE,1.698,0.300,-0.041,-0.011,0.000,0.000,0.000,0.000,0.0,0.0,0.1747,0.5913,-170.30,0.1717,0.5932,-170.13,-0.0982,0.64,
15.654,2,DRIVE,1.750,0.300,-0.039,-0.015,0.000,0.000,0.000,0.000,0.0,0.0,0.1504,0.5929,-170.08,0.1574,0.5948,-169.81,-0.1036,0.85,
15.701,2,DRIVE,1.798,0.300,-0.038,-0.018,0.000,0.000,0.000,0.000,0.0,0.0,0.1374,0.5944,-169.91,0.1478,0.5958,-169.67,-0.1071,1.02,
15.751,2,DRIVE,1.848,0.300,-0.037,-0.017,0.000,0.000,0.000,0.000,0.0,0.0,0.1223,0.5936,-169.96,0.1460,0.5959,-169.68,-0.1088,0.97,
15.802,2,DRIVE,1.899,0.300,-0.037,-0.016,0.000,0.000,0.000,0.000,0.0,0.0,0.1071,0.5929,-170.01,0.1460,0.5959,-169.68,-0.1104,0.92,
15.853,2,DRIVE,1.950,0.300,-0.036,-0.015,0.000,0.000,0.000,0.000,0.0,0.0,0.0917,0.5921,-170.06,0.1460,0.5959,-169.68,-0.1120,0.87,
15.904,2,DRIVE,2.001,0.300,-0.036,-0.017,0.000,0.000,0.000,0.000,0.0,0.0,0.1063,0.5961,-169.98,0.0974,0.5983,-170.38,-0.1137,0.95,
15.951,2,DRIVE,2.048,0.300,-0.034,-0.012,0.000,0.000,0.000,0.000,0.0,0.0,0.0790,0.5978,-170.22,0.0876,0.5994,-170.27,-0.1196,0.71,
16.001,2,DRIVE,2.098,0.300,-0.033,-0.011,0.000,0.000,0.000,0.000,0.0,0.0,0.0640,0.5988,-170.32,0.0728,0.6004,-170.30,-0.1231,0.61,
16.052,2,DRIVE,2.149,0.300,-0.032,-0.013,0.000,0.000,0.000,0.000,0.0,0.0,0.0471,0.6003,-170.19,0.0508,0.6023,-169.93,-0.1271,0.74,
16.101,2,DRIVE,2.198,0.300,-0.031,-0.014,0.000,0.000,0.000,0.000,0.0,0.0,0.0331,0.6009,-170.14,0.0483,0.6023,-170.06,-0.1299,0.79,
16.154,2,DRIVE,2.251,0.000,0.000,0.000,0.000,0.000,0.000,0.000,0.0,0.0,0.0178,0.5998,-170.18,0.0483,0.6023,-170.06,-0.1313,0.75,FIN_DRIVE_leg2_KF_0.51m
16.155,2,STOP_BEFORE_SPIN,0.001,0.000,0.000,0.000,0.000,0.000,0.000,0.000,0.0,0.0,0.0178,0.5998,-170.18,0.0483,0.6023,-170.06,-0.1313,0.75,
16.201,2,STOP_BEFORE_SPIN,0.047,0.000,0.000,0.000,0.000,0.000,0.000,0.000,0.0,0.0,0.0275,0.6042,-169.76,0.0105,0.6058,-169.48,-0.1341,1.17,
16.252,2,STOP_BEFORE_SPIN,0.098,0.000,0.000,0.000,0.000,0.000,0.000,0.000,0.0,0.0,0.0183,0.6050,-169.58,-0.0046,0.6069,-169.28,-0.1364,1.35,
16.301,2,STOP_BEFORE_SPIN,0.147,0.000,0.000,0.000,0.000,0.000,0.000,0.000,0.0,0.0,-0.0024,0.6063,-169.42,-0.0102,0.6068,-169.41,-0.1409,1.52,
16.351,2,STOP_BEFORE_SPIN,0.197,0.000,0.000,0.000,0.000,0.000,0.000,0.000,0.0,0.0,-0.0024,0.6063,-169.42,-0.0130,0.6072,-169.14,-0.1409,1.52,
16.404,2,STOP_BEFORE_SPIN,0.249,0.000,0.000,0.000,0.000,0.000,0.000,0.000,0.0,0.0,-0.0024,0.6063,-169.42,-0.0134,0.6071,-169.20,-0.1409,1.52,
16.453,2,STOP_BEFORE_SPIN,0.299,0.000,0.000,0.000,0.000,0.000,0.000,0.000,0.0,0.0,-0.0024,0.6063,-169.42,-0.0134,0.6071,-169.20,-0.1409,1.52,
16.502,2,STOP_BEFORE_SPIN,0.347,0.000,0.000,0.000,0.000,0.000,0.000,0.000,0.0,0.0,-0.0129,0.6070,-169.27,-0.0139,0.6070,-169.29,-0.1432,1.67,
16.551,2,STOP_BEFORE_SPIN,0.397,0.000,0.000,0.000,0.000,0.000,0.000,0.000,0.0,0.0,-0.0129,0.6070,-169.27,-0.0136,0.6070,-169.24,-0.1432,1.67,
16.602,2,STOP_BEFORE_SPIN,0.447,0.000,0.000,0.000,0.000,0.000,0.000,0.000,0.0,0.0,-0.0129,0.6070,-169.27,-0.0137,0.6070,-169.26,-0.1432,1.67,
16.652,2,STOP_BEFORE_SPIN,0.497,0.000,0.000,0.000,0.000,0.000,0.000,0.000,0.0,0.0,-0.0129,0.6070,-169.27,-0.0136,0.6069,-169.26,-0.1432,1.67,
16.702,2,STOP_BEFORE_SPIN,0.547,0.000,0.000,0.000,0.000,0.000,0.000,0.000,0.0,0.0,-0.0129,0.6070,-169.27,-0.0137,0.6070,-169.27,-0.1432,1.67,
16.752,2,STOP_BEFORE_SPIN,0.598,0.000,0.000,0.000,0.000,0.000,0.000,0.000,0.0,0.0,-0.0129,0.6070,-169.27,-0.0137,0.6070,-169.27,-0.1432,1.67,
16.802,2,STOP_BEFORE_SPIN,0.648,0.000,0.000,0.000,0.000,0.000,0.000,0.000,0.0,0.0,-0.0129,0.6070,-169.27,-0.0137,0.6070,-169.27,-0.1432,1.67,
16.852,2,STOP_BEFORE_SPIN,0.698,0.000,0.000,0.000,0.000,0.000,0.000,0.000,0.0,0.0,-0.0129,0.6070,-169.27,-0.0137,0.6070,-169.27,-0.1432,1.67,
16.903,2,STOP_BEFORE_SPIN,0.749,0.000,0.000,0.000,0.000,0.000,0.000,0.000,0.0,0.0,-0.0129,0.6070,-169.27,-0.0137,0.6069,-169.25,-0.1432,1.67,
16.952,2,STOP_BEFORE_SPIN,0.798,0.000,0.000,0.000,0.000,0.000,0.000,0.000,0.0,0.0,-0.0129,0.6070,-169.27,-0.0137,0.6070,-169.23,-0.1432,1.67,
17.003,2,STOP_BEFORE_SPIN,0.849,0.000,0.000,0.000,0.000,0.000,0.000,0.000,0.0,0.0,-0.0129,0.6070,-169.27,-0.0137,0.6069,-169.24,-0.1432,1.67,
17.053,2,STOP_BEFORE_SPIN,0.898,0.000,0.000,0.000,0.000,0.000,0.000,0.000,0.0,0.0,-0.0129,0.6070,-169.27,-0.0136,0.6070,-169.22,-0.1432,1.67,
17.102,2,STOP_BEFORE_SPIN,0.948,0.000,0.000,0.000,0.000,0.000,0.000,0.000,0.0,0.0,-0.0129,0.6070,-169.27,-0.0137,0.6070,-169.24,-0.1432,1.67,
17.152,2,STOP_BEFORE_SPIN,0.998,0.000,0.000,0.000,0.000,0.000,0.000,0.000,0.0,0.0,-0.0129,0.6070,-169.27,-0.0136,0.6070,-169.19,-0.1432,1.67,
17.205,2,STOP_BEFORE_SPIN,1.050,0.000,0.000,0.000,0.000,0.000,0.000,0.000,0.0,0.0,-0.0129,0.6070,-169.27,-0.0136,0.6070,-169.20,-0.1432,1.67,INICIO_DRIFT_leg2
17.206,2,DRIFT,0.001,0.000,0.000,0.000,0.000,0.000,0.000,0.000,0.0,0.0,-0.0129,0.6070,-169.27,-0.0136,0.6070,-169.20,-0.1583,0.00,
17.251,2,DRIFT,0.046,0.000,-0.000,1.000,0.000,0.000,0.000,0.000,0.0,0.0,-0.0129,0.6070,-169.27,-0.0136,0.6070,-169.23,-0.1583,0.00,
17.302,2,DRIFT,0.097,0.000,-0.000,1.000,0.000,0.000,0.000,0.000,0.0,0.0,-0.0129,0.6070,-166.37,-0.0136,0.6070,-169.21,-0.1583,2.89,
17.352,2,DRIFT,0.147,0.000,-0.000,1.000,0.000,0.000,0.000,0.000,0.0,0.0,-0.0129,0.6070,-163.53,-0.0135,0.6070,-169.16,-0.1583,5.74,
17.402,2,DRIFT,0.197,0.000,-0.000,1.000,0.000,0.000,0.000,0.000,0.0,0.0,-0.0129,0.6070,-160.66,-0.0135,0.6070,-169.16,-0.1583,8.61,
17.452,2,DRIFT,0.247,0.000,-0.000,1.000,0.000,0.000,0.000,0.000,0.0,0.0,-0.0129,0.6070,-157.80,-0.0134,0.6070,-169.13,-0.1583,11.46,
17.504,2,DRIFT,0.299,0.000,-0.000,1.000,0.000,0.000,0.000,0.000,0.0,0.0,-0.0129,0.6070,-154.92,-0.0133,0.6071,-169.09,-0.1583,14.34,
17.552,2,DRIFT,0.347,0.000,-0.000,1.000,0.000,0.000,0.000,0.000,0.0,0.0,-0.0129,0.6070,-152.07,-0.0129,0.6073,-168.89,-0.1583,17.20,
17.602,2,DRIFT,0.396,0.000,-0.000,1.000,0.000,0.000,0.000,0.000,0.0,0.0,-0.0129,0.6070,-149.22,-0.0130,0.6073,-168.92,-0.1583,20.05,
17.653,2,DRIFT,0.448,0.000,-0.000,1.000,0.000,0.000,0.000,0.000,0.0,0.0,-0.0129,0.6070,-146.26,-0.0129,0.6073,-168.88,-0.1583,23.01,
17.703,2,DRIFT,0.498,0.000,-0.000,1.000,0.000,0.000,0.000,0.000,0.0,0.0,-0.0129,0.6070,-143.40,-0.0129,0.6073,-168.88,-0.1583,25.87,
17.755,2,DRIFT,0.550,0.000,-0.000,1.000,0.000,0.000,0.000,0.000,0.0,0.0,-0.0129,0.6070,-140.55,-0.0128,0.6073,-168.86,-0.1583,28.71,
17.803,2,DRIFT,0.597,0.000,-0.000,1.000,0.000,0.000,0.000,0.000,0.0,0.0,-0.0129,0.6070,-137.71,-0.0128,0.6073,-168.84,-0.1583,31.56,
17.852,2,DRIFT,0.647,0.000,-0.000,1.000,0.000,0.000,0.000,0.000,0.0,0.0,-0.0129,0.6070,-134.85,-0.0127,0.6074,-168.80,-0.1583,34.42,
17.903,2,DRIFT,0.697,0.000,-0.000,1.000,0.000,0.000,0.000,0.000,0.0,0.0,-0.0129,0.6070,-131.97,-0.0127,0.6074,-168.75,-0.1583,37.29,
17.952,2,DRIFT,0.747,0.000,-0.000,1.000,0.000,0.000,0.000,0.000,0.0,0.0,-0.0129,0.6070,-129.15,-0.0127,0.6075,-168.61,-0.1583,40.12,
18.006,2,DRIFT,0.801,0.000,-0.000,1.000,0.000,0.000,0.000,0.000,0.0,0.0,-0.0129,0.6070,-126.18,-0.0127,0.6075,-168.54,-0.1583,43.08,
18.052,2,DRIFT,0.847,0.000,-0.000,1.000,0.000,0.000,0.000,0.000,0.0,0.0,-0.0129,0.6070,-123.42,-0.0126,0.6076,-168.52,-0.1583,45.84,
18.102,2,DRIFT,0.897,0.000,-0.000,1.000,0.000,0.000,0.000,0.000,0.0,0.0,-0.0129,0.6070,-120.55,-0.0126,0.6075,-168.54,-0.1583,48.71,
18.153,2,DRIFT,0.948,0.000,-0.000,1.000,0.000,0.000,0.000,0.000,0.0,0.0,-0.0129,0.6070,-117.63,-0.0126,0.6075,-168.55,-0.1583,51.64,
18.202,2,DRIFT,0.997,0.000,-0.000,1.000,0.000,0.000,0.000,0.000,0.0,0.0,-0.0129,0.6070,-114.82,-0.0126,0.6075,-168.55,-0.1583,54.45,
18.255,2,DRIFT,1.050,0.000,-0.000,1.000,0.000,0.000,0.000,0.000,0.0,0.0,-0.0129,0.6070,-111.95,-0.0126,0.6075,-168.56,-0.1583,57.31,
18.303,2,DRIFT,1.098,0.000,-0.000,1.000,0.000,0.000,0.000,0.000,0.0,0.0,-0.0129,0.6070,-109.01,-0.0126,0.6075,-168.54,-0.1583,60.26,
18.352,2,DRIFT,1.147,0.000,-0.000,1.000,0.000,0.000,0.000,0.000,0.0,0.0,-0.0129,0.6070,-106.23,-0.0126,0.6075,-168.53,-0.1583,63.04,
18.402,2,DRIFT,1.197,0.000,-0.000,1.000,0.000,0.000,0.000,0.000,0.0,0.0,-0.0129,0.6070,-103.37,-0.0125,0.6075,-168.50,-0.1583,65.89,
18.452,2,DRIFT,1.247,0.000,-0.000,1.000,0.000,0.000,0.000,0.000,0.0,0.0,-0.0129,0.6070,-100.47,-0.0122,0.6076,-168.39,-0.1583,68.79,
18.504,2,DRIFT,1.299,0.000,-0.000,1.000,0.000,0.000,0.000,0.000,0.0,0.0,-0.0129,0.6070,-97.64,-0.0116,0.6076,-168.26,-0.1583,71.63,
18.552,2,DRIFT,1.347,0.000,-0.000,1.000,0.000,0.000,0.000,0.000,0.0,0.0,-0.0129,0.6070,-94.74,-0.0110,0.6075,-167.98,-0.1583,74.53,
18.602,2,DRIFT,1.397,0.000,-0.000,1.000,0.000,0.000,0.000,0.000,0.0,0.0,-0.0129,0.6070,-91.91,-0.0099,0.6075,-167.50,-0.1583,77.36,
18.653,2,DRIFT,1.447,0.000,-0.000,1.000,0.000,0.000,0.000,0.000,0.0,0.0,-0.0084,0.6072,-163.11,-0.0070,0.6073,-166.36,-0.1576,6.16,
18.701,2,DRIFT,1.496,0.000,-0.000,1.000,0.000,0.000,0.000,0.000,0.0,0.0,-0.0813,0.6396,177.41,-0.0974,0.6464,167.92,-0.2030,-13.32,
18.753,2,DRIFT,1.548,0.000,-0.000,1.000,0.000,0.000,0.000,0.000,0.0,0.0,-0.0813,0.6396,-179.72,-0.0951,0.6445,169.61,-0.2030,-10.45,
18.802,2,DRIFT,1.596,0.000,-0.000,1.000,0.000,0.000,0.000,0.000,0.0,0.0,-0.0926,0.6431,175.25,-0.0913,0.6410,173.20,-0.2086,-15.48,
18.851,2,DRIFT,1.646,0.000,-0.000,1.000,0.000,0.000,0.000,0.000,0.0,0.0,-0.0908,0.6407,177.35,-0.0891,0.6387,175.85,-0.2059,-13.38,
18.901,2,DRIFT,1.696,0.000,-0.000,1.000,0.000,0.000,0.000,0.000,0.0,0.0,-0.0908,0.6407,-179.79,-0.0872,0.6366,178.26,-0.2059,-10.52,
18.951,2,DRIFT,1.746,0.000,-0.000,1.000,0.000,0.000,0.000,0.000,0.0,0.0,-0.0874,0.6367,-178.07,-0.0852,0.6338,-178.28,-0.2013,-8.81,
19.003,2,DRIFT,1.797,0.000,-0.000,1.000,0.000,0.000,0.000,0.000,0.0,0.0,-0.0846,0.6330,-174.18,-0.0828,0.6311,-175.51,-0.1972,-4.91,
19.051,2,DRIFT,1.846,0.000,-0.000,1.000,0.000,0.000,0.000,0.000,0.0,0.0,-0.0846,0.6330,-171.31,-0.0806,0.6297,-173.54,-0.1972,-2.05,
19.101,2,DRIFT,1.896,0.000,-0.000,1.000,0.000,0.000,0.000,0.000,0.0,0.0,-0.0803,0.6297,-169.63,-0.0779,0.6286,-171.30,-0.1932,-0.36,
19.152,2,DRIFT,1.946,0.000,-0.000,1.000,0.000,0.000,0.000,0.000,0.0,0.0,-0.0759,0.6278,-166.25,-0.0743,0.6270,-168.45,-0.1905,3.01,
19.202,2,DRIFT,1.997,0.000,-0.000,1.000,0.000,0.000,0.000,0.000,0.0,0.0,-0.0759,0.6278,-163.35,-0.0712,0.6260,-166.36,-0.1905,5.91,
19.253,2,DRIFT,2.047,0.000,-0.000,1.000,0.000,0.000,0.000,0.000,0.0,0.0,-0.0706,0.6258,-162.33,-0.0674,0.6249,-163.93,-0.1876,6.93,
19.301,2,DRIFT,2.096,0.000,-0.000,1.000,0.000,0.000,0.000,0.000,0.0,0.0,-0.0658,0.6247,-159.22,-0.0626,0.6242,-160.40,-0.1856,10.05,
19.352,2,DRIFT,2.147,0.000,-0.000,1.000,0.000,0.000,0.000,0.000,0.0,0.0,-0.0658,0.6247,-156.30,-0.0600,0.6243,-158.34,-0.1856,12.97,
19.401,2,DRIFT,2.196,0.000,-0.000,1.000,0.000,0.000,0.000,0.000,0.0,0.0,-0.0603,0.6243,-154.78,-0.0570,0.6240,-155.33,-0.1842,14.49,
19.451,2,DRIFT,2.246,0.000,-0.000,1.000,0.000,0.000,0.000,0.000,0.0,0.0,-0.0603,0.6243,-151.90,-0.0564,0.6238,-154.53,-0.1842,17.36,
19.505,2,DRIFT,2.299,0.000,-0.000,1.000,0.000,0.000,0.000,0.000,0.0,0.0,-0.0603,0.6243,-149.02,-0.0564,0.6238,-154.53,-0.1842,20.25,
19.553,2,DRIFT,2.348,0.000,-0.000,1.000,0.000,0.000,0.000,0.000,0.0,0.0,-0.0603,0.6243,-146.10,-0.0547,0.6237,-152.97,-0.1842,23.16,
19.601,2,DRIFT,2.396,0.000,-0.000,1.000,0.000,0.000,0.000,0.000,0.0,0.0,-0.0514,0.6239,-145.75,-0.0448,0.6240,-141.60,-0.1821,23.52,
19.652,2,DRIFT,2.446,0.000,-0.000,1.000,0.000,0.000,0.000,0.000,0.0,0.0,-0.0514,0.6239,-142.87,-0.0448,0.6240,-141.60,-0.1821,26.39,
19.704,3,DRIFT,2.499,0.000,0.000,0.000,0.000,0.000,0.000,0.000,0.0,0.0,-0.0514,0.6239,-140.00,-0.0448,0.6240,-141.60,-0.1821,29.27,FIN_DRIFT_leg2_TIMEOUT_2.5s_2.50s
19.707,3,STOP_BEFORE_DRIVE,0.001,0.000,0.000,0.000,0.000,0.000,0.000,0.000,0.0,0.0,-0.0514,0.6239,-140.00,-0.0448,0.6240,-141.60,-0.1821,29.27,
19.751,3,STOP_BEFORE_DRIVE,0.044,0.000,0.000,0.000,0.000,0.000,0.000,0.000,0.0,0.0,-0.0411,0.6239,-136.67,-0.0379,0.6240,-133.11,-0.1802,32.60,
19.801,3,STOP_BEFORE_DRIVE,0.095,0.000,0.000,0.000,0.000,0.000,0.000,0.000,0.0,0.0,-0.0411,0.6239,-136.67,-0.0379,0.6240,-133.11,-0.1802,32.60,
19.852,3,STOP_BEFORE_DRIVE,0.145,0.000,0.000,0.000,0.000,0.000,0.000,0.000,0.0,0.0,-0.0411,0.6239,-136.67,-0.0379,0.6240,-133.11,-0.1802,32.60,
19.901,3,STOP_BEFORE_DRIVE,0.195,0.000,0.000,0.000,0.000,0.000,0.000,0.000,0.0,0.0,-0.0411,0.6239,-136.67,-0.0379,0.6240,-133.11,-0.1802,32.60,
19.953,3,STOP_BEFORE_DRIVE,0.246,0.000,0.000,0.000,0.000,0.000,0.000,0.000,0.0,0.0,-0.0411,0.6239,-136.67,-0.0343,0.6234,-130.11,-0.1802,32.60,
20.002,3,STOP_BEFORE_DRIVE,0.295,0.000,0.000,0.000,0.000,0.000,0.000,0.000,0.0,0.0,-0.0411,0.6239,-136.67,-0.0343,0.6234,-130.11,-0.1802,32.60,
20.052,3,STOP_BEFORE_DRIVE,0.345,0.000,0.000,0.000,0.000,0.000,0.000,0.000,0.0,0.0,-0.0411,0.6239,-136.67,-0.0343,0.6234,-130.11,-0.1802,32.60,
20.102,3,STOP_BEFORE_DRIVE,0.395,0.000,0.000,0.000,0.000,0.000,0.000,0.000,0.0,0.0,-0.0411,0.6239,-136.67,-0.0342,0.6234,-130.09,-0.1802,32.60,
20.152,3,STOP_BEFORE_DRIVE,0.445,0.000,0.000,0.000,0.000,0.000,0.000,0.000,0.0,0.0,-0.0411,0.6239,-136.67,-0.0342,0.6234,-130.09,-0.1802,32.60,
20.202,3,STOP_BEFORE_DRIVE,0.495,0.000,0.000,0.000,0.000,0.000,0.000,0.000,0.0,0.0,-0.0411,0.6239,-136.67,-0.0342,0.6234,-130.09,-0.1802,32.60,
20.253,3,STOP_BEFORE_DRIVE,0.547,0.000,0.000,0.000,0.000,0.000,0.000,0.000,0.0,0.0,-0.0411,0.6239,-136.67,-0.0342,0.6234,-130.09,-0.1802,32.60,
20.302,3,STOP_BEFORE_DRIVE,0.596,0.000,0.000,0.000,0.000,0.000,0.000,0.000,0.0,0.0,-0.0411,0.6239,-136.67,-0.0342,0.6234,-130.09,-0.1802,32.60,
20.352,3,STOP_BEFORE_DRIVE,0.645,0.000,0.000,0.000,0.000,0.000,0.000,0.000,0.0,0.0,-0.0411,0.6239,-136.67,-0.0342,0.6234,-130.11,-0.1802,32.60,
20.402,3,STOP_BEFORE_DRIVE,0.695,0.000,0.000,0.000,0.000,0.000,0.000,0.000,0.0,0.0,-0.0411,0.6239,-136.67,-0.0342,0.6234,-130.09,-0.1802,32.60,
20.453,3,STOP_BEFORE_DRIVE,0.746,0.000,0.000,0.000,0.000,0.000,0.000,0.000,0.0,0.0,-0.0411,0.6239,-136.67,-0.0342,0.6234,-130.09,-0.1802,32.60,
20.503,3,STOP_BEFORE_DRIVE,0.797,0.000,0.000,0.000,0.000,0.000,0.000,0.000,0.0,0.0,-0.0411,0.6239,-136.67,-0.0342,0.6234,-130.08,-0.1802,32.60,
20.552,3,STOP_BEFORE_DRIVE,0.846,0.000,0.000,0.000,0.000,0.000,0.000,0.000,0.0,0.0,-0.0411,0.6239,-136.67,-0.0342,0.6234,-130.09,-0.1802,32.60,
20.602,3,STOP_BEFORE_DRIVE,0.896,0.000,0.000,0.000,0.000,0.000,0.000,0.000,0.0,0.0,-0.0411,0.6239,-136.67,-0.0342,0.6234,-130.09,-0.1802,32.60,
20.652,3,STOP_BEFORE_DRIVE,0.946,0.000,0.000,0.000,0.000,0.000,0.000,0.000,0.0,0.0,-0.0411,0.6239,-136.67,-0.0342,0.6234,-130.09,-0.1802,32.60,
20.702,3,STOP_BEFORE_DRIVE,0.996,0.000,0.000,0.000,0.000,0.000,0.000,0.000,0.0,0.0,-0.0411,0.6239,-136.67,-0.0342,0.6234,-130.09,-0.1802,32.60,
20.752,3,DRIVE,0.001,0.000,0.000,0.000,0.000,0.000,0.000,0.000,0.0,0.0,-0.0411,0.6239,-136.67,-0.0342,0.6234,-130.09,0.0000,0.00,
20.802,3,DRIVE,0.051,0.300,-0.070,-0.000,0.000,0.000,0.000,0.000,0.0,0.0,-0.0411,0.6239,-136.67,-0.0342,0.6234,-130.09,0.0000,0.00,
20.852,3,DRIVE,0.101,0.300,-0.069,-0.000,0.000,0.000,0.000,0.000,0.0,0.0,-0.0544,0.6162,-136.67,-0.0342,0.6234,-130.09,-0.0035,0.00,
20.903,3,DRIVE,0.152,0.300,-0.068,-0.000,0.000,0.000,0.000,0.000,0.0,0.0,-0.0678,0.6083,-136.67,-0.0342,0.6234,-130.09,-0.0070,0.00,
20.954,3,DRIVE,0.203,0.300,-0.067,-0.000,0.000,0.000,0.000,0.000,0.0,0.0,-0.0813,0.6003,-136.67,-0.0342,0.6234,-130.09,-0.0105,0.00,
21.004,3,DRIVE,0.253,0.300,-0.066,-0.000,0.000,0.000,0.000,0.000,0.0,0.0,-0.0941,0.5927,-136.67,-0.0342,0.6234,-130.14,-0.0137,0.00,
21.052,3,DRIVE,0.301,0.300,-0.065,-0.000,0.000,0.000,0.000,0.000,0.0,0.0,-0.1073,0.5848,-136.67,-0.0342,0.6234,-130.14,-0.0170,0.00,
21.104,3,DRIVE,0.353,0.300,-0.064,-0.000,0.000,0.000,0.000,0.000,0.0,0.0,-0.1209,0.5766,-136.67,-0.0342,0.6234,-130.14,-0.0203,0.00,
21.152,3,DRIVE,0.401,0.300,-0.063,-0.000,0.000,0.000,0.000,0.000,0.0,0.0,-0.1336,0.5689,-136.67,-0.0342,0.6234,-130.14,-0.0234,0.00,
21.202,3,DRIVE,0.451,0.300,-0.073,-0.106,0.000,0.000,0.000,0.000,0.0,0.0,-0.0530,0.5996,-130.57,-0.0439,0.6016,-130.51,0.0095,6.10,
21.253,3,DRIVE,0.502,0.300,-0.074,-0.102,0.000,0.000,0.000,0.000,0.0,0.0,-0.0602,0.5881,-130.83,-0.0464,0.5963,-130.50,0.0129,5.84,
21.302,3,DRIVE,0.551,0.300,-0.073,-0.097,0.000,0.000,0.000,0.000,0.0,0.0,-0.0731,0.5790,-131.12,-0.0464,0.5963,-130.50,0.0107,5.54,
21.353,3,DRIVE,0.602,0.300,-0.073,-0.092,0.000,0.000,0.000,0.000,0.0,0.0,-0.0859,0.5699,-131.41,-0.0464,0.5963,-130.50,0.0085,5.26,
21.403,3,DRIVE,0.652,0.300,-0.072,-0.087,0.000,0.000,0.000,0.000,0.0,0.0,-0.0985,0.5611,-131.67,-0.0477,0.5934,-130.64,0.0063,5.00,
21.451,3,DRIVE,0.700,0.300,-0.079,-0.096,0.000,0.000,0.000,0.000,0.0,0.0,-0.0742,0.5532,-131.15,-0.0722,0.5383,-131.07,0.0287,5.52,
21.503,3,DRIVE,0.752,0.300,-0.081,-0.093,0.000,0.000,0.000,0.000,0.0,0.0,-0.0882,0.5278,-131.33,-0.0768,0.5295,-131.09,0.0376,5.33,
21.551,3,DRIVE,0.800,0.300,-0.082,-0.090,0.000,0.000,0.000,0.000,0.0,0.0,-0.0927,0.5186,-131.49,-0.0777,0.5271,-131.18,0.0412,5.18,
21.602,3,DRIVE,0.850,0.300,-0.082,-0.086,0.000,0.000,0.000,0.000,0.0,0.0,-0.1058,0.5101,-131.75,-0.0777,0.5271,-131.18,0.0384,4.92,
21.653,3,DRIVE,0.902,0.300,-0.081,-0.081,0.000,0.000,0.000,0.000,0.0,0.0,-0.1192,0.5013,-132.00,-0.0777,0.5271,-131.18,0.0356,4.66,
21.704,3,DRIVE,0.953,0.300,-0.080,-0.077,0.000,0.000,0.000,0.000,0.0,0.0,-0.1324,0.4928,-132.24,-0.0777,0.5271,-131.18,0.0327,4.43,
21.753,3,DRIVE,1.002,0.300,-0.088,-0.086,0.000,0.000,0.000,0.000,0.0,0.0,-0.1114,0.4754,-131.72,-0.1114,0.4575,-131.68,0.0598,4.94,
21.801,3,DRIVE,1.050,0.300,-0.090,-0.083,0.000,0.000,0.000,0.000,0.0,0.0,-0.1265,0.4501,-131.91,-0.1137,0.4535,-131.63,0.0679,4.76,
21.852,3,DRIVE,1.101,0.300,-0.089,-0.079,0.000,0.000,0.000,0.000,0.0,0.0,-0.1400,0.4419,-132.15,-0.1137,0.4535,-131.63,0.0646,4.52,
21.902,3,DRIVE,1.151,0.300,-0.088,-0.075,0.000,0.000,0.000,0.000,0.0,0.0,-0.1534,0.4337,-132.37,-0.1137,0.4535,-131.63,0.0613,4.29,
21.952,3,DRIVE,1.201,0.300,-0.087,-0.071,0.000,0.000,0.000,0.000,0.0,0.0,-0.1667,0.4256,-132.59,-0.1137,0.4535,-131.63,0.0580,4.08,
22.003,3,DRIVE,1.252,0.300,-0.095,-0.081,0.000,0.000,0.000,0.000,0.0,0.0,-0.1427,0.4155,-132.03,-0.1424,0.4001,-132.07,0.0818,4.63,
22.051,3,DRIVE,1.300,0.300,-0.093,-0.077,0.000,0.000,0.000,0.000,0.0,0.0,-0.1564,0.4075,-132.27,-0.1424,0.4001,-132.07,0.0783,4.40,
22.102,3,DRIVE,1.350,0.300,-0.092,-0.073,0.000,0.000,0.000,0.000,0.0,0.0,-0.1699,0.3996,-132.49,-0.1424,0.4001,-132.07,0.0748,4.18,
22.152,3,DRIVE,1.401,0.300,-0.091,-0.069,0.000,0.000,0.000,0.000,0.0,0.0,-0.1835,0.3916,-132.70,-0.1424,0.4001,-132.07,0.0713,3.97,
22.203,3,DRIVE,1.451,0.300,-0.098,-0.074,0.000,0.000,0.000,0.000,0.0,0.0,-0.1621,0.3830,-132.40,-0.1511,0.3842,-132.16,0.0922,4.27,
22.253,3,DRIVE,1.502,0.300,-0.101,-0.070,0.000,0.000,0.000,0.000,0.0,0.0,-0.1753,0.3575,-132.64,-0.1685,0.3524,-132.59,0.1017,4.02,
22.302,3,DRIVE,1.551,0.300,-0.099,-0.067,0.000,0.000,0.000,0.000,0.0,0.0,-0.1895,0.3497,-132.85,-0.1685,0.3524,-132.59,0.0976,3.82,
22.352,3,DRIVE,1.601,0.300,-0.098,-0.063,0.000,0.000,0.000,0.000,0.0,0.0,-0.2031,0.3422,-133.04,-0.1685,0.3524,-132.59,0.0937,3.63,
22.402,3,DRIVE,1.651,0.300,-0.097,-0.060,0.000,0.000,0.000,0.000,0.0,0.0,-0.2170,0.3346,-133.22,-0.1685,0.3524,-132.59,0.0898,3.45,
22.451,3,DRIVE,1.700,0.300,-0.103,-0.057,0.000,0.000,0.000,0.000,0.0,0.0,-0.1918,0.3285,-133.41,-0.1861,0.3227,-133.41,0.1115,3.26,
22.503,3,DRIVE,1.752,0.300,-0.102,-0.054,0.000,0.000,0.000,0.000,0.0,0.0,-0.2059,0.3211,-133.57,-0.1861,0.3227,-133.41,0.1072,3.10,
22.551,3,DRIVE,1.800,0.300,-0.101,-0.051,0.000,0.000,0.000,0.000,0.0,0.0,-0.2198,0.3138,-133.72,-0.1861,0.3227,-133.41,0.1029,2.94,
22.602,3,DRIVE,1.851,0.300,-0.100,-0.049,0.000,0.000,0.000,0.000,0.0,0.0,-0.2340,0.3064,-133.87,-0.1861,0.3227,-133.41,0.0986,2.80,
22.652,3,DRIVE,1.901,0.300,-0.098,-0.046,0.000,0.000,0.000,0.000,0.0,0.0,-0.2479,0.2990,-134.01,-0.1871,0.3213,-133.28,0.0944,2.66,
22.701,3,DRIVE,1.950,0.300,-0.108,-0.050,0.000,0.000,0.000,0.000,0.0,0.0,-0.2208,0.2818,-133.79,-0.2193,0.2678,-133.44,0.1255,2.88,
22.753,3,DRIVE,2.002,0.300,-0.106,-0.048,0.000,0.000,0.000,0.000,0.0,0.0,-0.2351,0.2747,-133.93,-0.2193,0.2678,-133.44,0.1209,2.74,
22.802,3,DRIVE,2.051,0.300,-0.105,-0.045,0.000,0.000,0.000,0.000,0.0,0.0,-0.2495,0.2675,-134.07,-0.2193,0.2678,-133.44,0.1163,2.60,
22.853,3,DRIVE,2.102,0.300,-0.103,-0.043,0.000,0.000,0.000,0.000,0.0,0.0,-0.2639,0.2603,-134.20,-0.2193,0.2678,-133.44,0.1116,2.47,
22.902,3,DRIVE,2.151,0.300,-0.112,-0.065,0.000,0.000,0.000,0.000,0.0,0.0,-0.2442,0.2405,-132.95,-0.2359,0.2358,-132.15,0.1395,3.72,
22.951,3,DRIVE,2.200,0.300,-0.113,-0.072,0.000,0.000,0.000,0.000,0.0,0.0,-0.2523,0.2285,-132.53,-0.2386,0.2307,-131.71,0.1427,4.14,
23.003,3,DRIVE,2.252,0.300,-0.111,-0.069,0.000,0.000,0.000,0.000,0.0,0.0,-0.2666,0.2213,-132.74,-0.2386,0.2307,-131.71,0.1381,3.93,
23.053,3,DRIVE,2.302,0.300,-0.110,-0.065,0.000,0.000,0.000,0.000,0.0,0.0,-0.2813,0.2138,-132.94,-0.2386,0.2307,-131.71,0.1335,3.73,
23.105,3,DRIVE,2.354,0.300,-0.109,-0.062,0.000,0.000,0.000,0.000,0.0,0.0,-0.2960,0.2064,-133.13,-0.2386,0.2307,-131.71,0.1288,3.53,
23.151,3,DRIVE,2.400,0.300,-0.115,-0.085,0.000,0.000,0.000,0.000,0.0,0.0,-0.2574,0.2130,-131.80,-0.2476,0.2106,-131.59,0.1505,4.86,
23.201,3,DRIVE,2.450,0.300,-0.117,-0.087,0.000,0.000,0.000,0.000,0.0,0.0,-0.2654,0.1978,-131.66,-0.2531,0.1977,-131.37,0.1561,5.00,
23.253,3,DRIVE,2.502,0.300,-0.115,-0.083,0.000,0.000,0.000,0.000,0.0,0.0,-0.2797,0.1905,-131.91,-0.2531,0.1977,-131.37,0.1516,4.75,
23.301,3,DRIVE,2.550,0.300,-0.118,-0.088,0.000,0.000,0.000,0.000,0.0,0.0,-0.2716,0.1871,-131.62,-0.2542,0.1951,-131.26,0.1596,5.05,
23.353,3,DRIVE,2.601,0.000,0.000,0.000,0.000,0.000,0.000,0.000,0.0,0.0,-0.2766,0.1708,-131.64,-0.2650,0.1703,-131.32,0.1680,5.03,FIN_DRIVE_leg3_KF_0.51m
23.353,3,STOP_BEFORE_SPIN,0.000,0.000,0.000,0.000,0.000,0.000,0.000,0.000,0.0,0.0,-0.2766,0.1708,-131.64,-0.2650,0.1703,-131.32,0.1680,5.03,
23.401,3,STOP_BEFORE_SPIN,0.048,0.000,0.000,0.000,0.000,0.000,0.000,0.000,0.0,0.0,-0.2766,0.1708,-131.64,-0.2650,0.1703,-131.32,0.1680,5.03,
23.452,3,STOP_BEFORE_SPIN,0.099,0.000,0.000,0.000,0.000,0.000,0.000,0.000,0.0,0.0,-0.2766,0.1708,-131.64,-0.2650,0.1703,-131.32,0.1680,5.03,
23.502,3,STOP_BEFORE_SPIN,0.149,0.000,0.000,0.000,0.000,0.000,0.000,0.000,0.0,0.0,-0.2766,0.1708,-131.64,-0.2650,0.1703,-131.32,0.1680,5.03,
23.552,3,STOP_BEFORE_SPIN,0.199,0.000,0.000,0.000,0.000,0.000,0.000,0.000,0.0,0.0,-0.2681,0.1660,-131.37,-0.2691,0.1614,-131.16,0.1773,5.30,
23.601,3,STOP_BEFORE_SPIN,0.248,0.000,0.000,0.000,0.000,0.000,0.000,0.000,0.0,0.0,-0.2692,0.1618,-131.20,-0.2701,0.1592,-131.10,0.1796,5.46,
23.651,3,STOP_BEFORE_SPIN,0.299,0.000,0.000,0.000,0.000,0.000,0.000,0.000,0.0,0.0,-0.2692,0.1618,-131.20,-0.2701,0.1592,-131.10,0.1796,5.46,
23.702,3,STOP_BEFORE_SPIN,0.349,0.000,0.000,0.000,0.000,0.000,0.000,0.000,0.0,0.0,-0.2692,0.1618,-131.20,-0.2701,0.1592,-131.10,0.1796,5.46,
23.754,3,STOP_BEFORE_SPIN,0.402,0.000,0.000,0.000,0.000,0.000,0.000,0.000,0.0,0.0,-0.2692,0.1618,-131.20,-0.2701,0.1592,-131.10,0.1796,5.46,
23.802,3,STOP_BEFORE_SPIN,0.449,0.000,0.000,0.000,0.000,0.000,0.000,0.000,0.0,0.0,-0.2692,0.1618,-131.20,-0.2701,0.1592,-131.08,0.1796,5.46,
23.852,3,STOP_BEFORE_SPIN,0.499,0.000,0.000,0.000,0.000,0.000,0.000,0.000,0.0,0.0,-0.2692,0.1618,-131.20,-0.2701,0.1592,-131.08,0.1796,5.46,
23.903,3,STOP_BEFORE_SPIN,0.550,0.000,0.000,0.000,0.000,0.000,0.000,0.000,0.0,0.0,-0.2692,0.1618,-131.20,-0.2701,0.1592,-131.10,0.1796,5.46,
23.952,3,STOP_BEFORE_SPIN,0.599,0.000,0.000,0.000,0.000,0.000,0.000,0.000,0.0,0.0,-0.2692,0.1618,-131.20,-0.2701,0.1592,-131.07,0.1796,5.46,
24.002,3,STOP_BEFORE_SPIN,0.649,0.000,0.000,0.000,0.000,0.000,0.000,0.000,0.0,0.0,-0.2692,0.1618,-131.20,-0.2701,0.1592,-131.11,0.1796,5.46,
24.053,3,STOP_BEFORE_SPIN,0.700,0.000,0.000,0.000,0.000,0.000,0.000,0.000,0.0,0.0,-0.2692,0.1618,-131.20,-0.2701,0.1592,-131.07,0.1796,5.46,
24.102,3,STOP_BEFORE_SPIN,0.750,0.000,0.000,0.000,0.000,0.000,0.000,0.000,0.0,0.0,-0.2692,0.1618,-131.20,-0.2701,0.1592,-131.07,0.1796,5.46,
24.152,3,STOP_BEFORE_SPIN,0.799,0.000,0.000,0.000,0.000,0.000,0.000,0.000,0.0,0.0,-0.2692,0.1618,-131.20,-0.2701,0.1592,-131.07,0.1796,5.46,
24.203,3,STOP_BEFORE_SPIN,0.850,0.000,0.000,0.000,0.000,0.000,0.000,0.000,0.0,0.0,-0.2692,0.1618,-131.20,-0.2701,0.1592,-131.12,0.1796,5.46,
24.254,3,STOP_BEFORE_SPIN,0.901,0.000,0.000,0.000,0.000,0.000,0.000,0.000,0.0,0.0,-0.2692,0.1618,-131.20,-0.2701,0.1592,-131.10,0.1796,5.46,
24.302,3,STOP_BEFORE_SPIN,0.949,0.000,0.000,0.000,0.000,0.000,0.000,0.000,0.0,0.0,-0.2692,0.1618,-131.20,-0.2701,0.1592,-131.10,0.1796,5.46,
24.352,3,STOP_BEFORE_SPIN,0.999,0.000,0.000,0.000,0.000,0.000,0.000,0.000,0.0,0.0,-0.2692,0.1618,-131.20,-0.2701,0.1592,-131.07,0.1796,5.46,
24.405,3,STOP_BEFORE_SPIN,1.053,0.000,0.000,0.000,0.000,0.000,0.000,0.000,0.0,0.0,-0.2692,0.1618,-131.20,-0.2701,0.1592,-131.07,0.1796,5.46,INICIO_DRIFT_leg3
24.407,3,DRIFT,0.001,0.000,0.000,0.000,0.000,0.000,0.000,0.000,0.0,0.0,-0.2692,0.1618,-131.20,-0.2701,0.1592,-131.07,0.1328,0.00,
24.452,3,DRIFT,0.046,0.000,-0.000,1.000,0.000,0.000,0.000,0.000,0.0,0.0,-0.2692,0.1618,-131.20,-0.2701,0.1592,-131.07,0.1328,0.00,
24.502,3,DRIFT,0.096,0.000,-0.000,1.000,0.000,0.000,0.000,0.000,0.0,0.0,-0.2692,0.1618,-128.33,-0.2701,0.1592,-131.10,0.1328,2.87,
24.552,3,DRIFT,0.146,0.000,-0.000,1.000,0.000,0.000,0.000,0.000,0.0,0.0,-0.2692,0.1618,-125.47,-0.2698,0.1595,-130.73,0.1328,5.74,
24.602,3,DRIFT,0.196,0.000,-0.000,1.000,0.000,0.000,0.000,0.000,0.0,0.0,-0.2692,0.1618,-122.59,-0.2698,0.1595,-130.74,0.1328,8.61,
24.652,3,DRIFT,0.246,0.000,-0.000,1.000,0.000,0.000,0.000,0.000,0.0,0.0,-0.2692,0.1618,-119.75,-0.2698,0.1595,-130.75,0.1328,11.46,
24.704,3,DRIFT,0.298,0.000,-0.000,1.000,0.000,0.000,0.000,0.000,0.0,0.0,-0.2692,0.1618,-116.87,-0.2698,0.1595,-130.77,0.1328,14.33,
24.753,3,DRIFT,0.347,0.000,-0.000,1.000,0.000,0.000,0.000,0.000,0.0,0.0,-0.2692,0.1618,-113.98,-0.2698,0.1595,-130.77,0.1328,17.23,
24.802,3,DRIFT,0.397,0.000,-0.000,1.000,0.000,0.000,0.000,0.000,0.0,0.0,-0.2692,0.1618,-111.14,-0.2698,0.1595,-130.77,0.1328,20.06,
24.855,3,DRIFT,0.449,0.000,-0.000,1.000,0.000,0.000,0.000,0.000,0.0,0.0,-0.2692,0.1618,-108.19,-0.2698,0.1595,-130.74,0.1328,23.01,
24.901,3,DRIFT,0.495,0.000,-0.000,1.000,0.000,0.000,0.000,0.000,0.0,0.0,-0.2692,0.1618,-105.44,-0.2697,0.1595,-130.70,0.1328,25.77,
24.953,3,DRIFT,0.547,0.000,-0.000,1.000,0.000,0.000,0.000,0.000,0.0,0.0,-0.2692,0.1618,-102.58,-0.2697,0.1595,-130.70,0.1328,28.63,
25.003,3,DRIFT,0.597,0.000,-0.000,1.000,0.000,0.000,0.000,0.000,0.0,0.0,-0.2692,0.1618,-99.63,-0.2696,0.1595,-130.64,0.1328,31.57,
25.053,3,DRIFT,0.647,0.000,-0.000,1.000,0.000,0.000,0.000,0.000,0.0,0.0,-0.2692,0.1618,-96.76,-0.2696,0.1595,-130.65,0.1328,34.44,
25.102,3,DRIFT,0.696,0.000,-0.000,1.000,0.000,0.000,0.000,0.000,0.0,0.0,-0.2692,0.1618,-93.96,-0.2696,0.1595,-130.65,0.1328,37.25,
25.152,3,DRIFT,0.746,0.000,-0.000,1.000,0.000,0.000,0.000,0.000,0.0,0.0,-0.2692,0.1618,-91.11,-0.2696,0.1595,-130.65,0.1328,40.10,
25.206,3,DRIFT,0.801,0.000,-0.000,1.000,0.000,0.000,0.000,0.000,0.0,0.0,-0.2692,0.1618,-88.11,-0.2696,0.1595,-130.64,0.1328,43.09,
25.251,3,DRIFT,0.845,0.000,-0.000,1.000,0.000,0.000,0.000,0.000,0.0,0.0,-0.2692,0.1618,-85.39,-0.2694,0.1596,-130.47,0.1328,45.81,
25.303,3,DRIFT,0.897,0.000,-0.000,1.000,0.000,0.000,0.000,0.000,0.0,0.0,-0.2692,0.1618,-82.42,-0.2693,0.1596,-130.45,0.1328,48.79,
25.353,3,DRIFT,0.947,0.000,-0.000,1.000,0.000,0.000,0.000,0.000,0.0,0.0,-0.2692,0.1618,-79.59,-0.2692,0.1597,-130.34,0.1328,51.62,
25.402,3,DRIFT,0.996,0.000,-0.000,1.000,0.000,0.000,0.000,0.000,0.0,0.0,-0.2692,0.1618,-76.77,-0.2687,0.1598,-129.96,0.1328,54.44,
25.455,3,DRIFT,1.049,0.000,-0.000,1.000,0.000,0.000,0.000,0.000,0.0,0.0,-0.2692,0.1618,-73.91,-0.2687,0.1598,-129.96,0.1328,57.30,
25.504,3,DRIFT,1.098,0.000,-0.000,1.000,0.000,0.000,0.000,0.000,0.0,0.0,-0.2692,0.1618,-70.91,-0.2687,0.1598,-129.96,0.1328,60.30,
25.552,3,DRIFT,1.146,0.000,-0.000,1.000,0.000,0.000,0.000,0.000,0.0,0.0,-0.2692,0.1618,-68.17,-0.2665,0.1603,-127.97,0.1328,63.04,
25.601,3,DRIFT,1.195,0.000,-0.000,1.000,0.000,0.000,0.000,0.000,0.0,0.0,-0.2594,0.1634,-119.53,-0.2528,0.1675,-117.53,0.1391,11.67,
25.652,3,DRIFT,1.246,0.000,-0.000,1.000,0.000,0.000,0.000,0.000,0.0,0.0,-0.2518,0.1683,-113.39,-0.2490,0.1703,-114.18,0.1416,17.81,
25.703,3,DRIFT,1.297,0.000,-0.000,1.000,0.000,0.000,0.000,0.000,0.0,0.0,-0.2468,0.1726,-109.08,-0.2450,0.1743,-110.79,0.1425,22.13,
25.752,3,DRIFT,1.346,0.000,-0.000,1.000,0.000,0.000,0.000,0.000,0.0,0.0,-0.2468,0.1726,-106.17,-0.2429,0.1764,-108.91,0.1425,25.04,
25.802,3,DRIFT,1.396,0.000,-0.000,1.000,0.000,0.000,0.000,0.000,0.0,0.0,-0.2468,0.1726,-103.32,-0.2429,0.1764,-108.91,0.1425,27.88,
25.852,3,DRIFT,1.446,0.000,-0.000,1.000,0.000,0.000,0.000,0.000,0.0,0.0,-0.2468,0.1726,-100.46,-0.2429,0.1764,-108.91,0.1425,30.75,
25.902,3,DRIFT,1.496,0.000,-0.000,1.000,0.000,0.000,0.000,0.000,0.0,0.0,-0.2420,0.1775,-104.21,-0.2390,0.1810,-104.72,0.1429,26.99,
25.953,3,DRIFT,1.547,0.000,-0.000,1.000,0.000,0.000,0.000,0.000,0.0,0.0,-0.2353,0.1858,-97.00,-0.2288,0.1938,-91.09,0.1425,34.20,
26.001,3,DRIFT,1.595,0.000,-0.000,1.000,0.000,0.000,0.000,0.000,0.0,0.0,-0.2294,0.1929,-89.22,-0.2262,0.1964,-87.79,0.1422,41.98,
26.052,3,DRIFT,1.646,0.000,-0.000,1.000,0.000,0.000,0.000,0.000,0.0,0.0,-0.2254,0.1980,-82.21,-0.2241,0.1996,-82.74,0.1419,49.00,
26.101,3,DRIFT,1.695,0.000,-0.000,1.000,0.000,0.000,0.000,0.000,0.0,0.0,-0.2254,0.1980,-79.38,-0.2236,0.2010,-80.78,0.1419,51.82,
26.152,3,DRIFT,1.746,0.000,-0.000,1.000,0.000,0.000,0.000,0.000,0.0,0.0,-0.2254,0.1980,-76.49,-0.2236,0.2010,-80.78,0.1419,54.72,
26.206,3,DRIFT,1.800,0.000,-0.000,1.000,0.000,0.000,0.000,0.000,0.0,0.0,-0.2254,0.1980,-73.56,-0.2236,0.2010,-80.78,0.1419,57.64,
26.254,3,DRIFT,1.848,0.000,-0.000,1.000,0.000,0.000,0.000,0.000,0.0,0.0,-0.2217,0.2034,-73.28,-0.2198,0.2067,-72.68,0.1412,57.92,
26.301,3,DRIFT,1.895,0.000,-0.000,1.000,0.000,0.000,0.000,0.000,0.0,0.0,-0.2193,0.2103,-65.66,-0.2186,0.2144,-64.52,0.1384,65.54,
26.351,3,DRIFT,1.945,0.000,-0.000,1.000,0.000,0.000,0.000,0.000,0.0,0.0,-0.2193,0.2103,-62.79,-0.2190,0.2173,-62.67,0.1384,68.42,
26.401,3,DRIFT,1.995,0.000,-0.000,1.000,0.000,0.000,0.000,0.000,0.0,0.0,-0.2193,0.2181,-58.96,-0.2200,0.2220,-60.25,0.1333,72.24,
26.453,3,DRIFT,2.047,0.000,-0.000,1.000,0.000,0.000,0.000,0.000,0.0,0.0,-0.2202,0.2230,-56.17,-0.2205,0.2242,-59.06,0.1293,75.03,
26.501,3,DRIFT,2.095,0.000,-0.000,1.000,0.000,0.000,0.000,0.000,0.0,0.0,-0.2202,0.2230,-53.31,-0.2205,0.2242,-59.06,0.1293,77.89,
26.552,3,DRIFT,2.146,0.000,-0.000,1.000,0.000,0.000,0.000,0.000,0.0,0.0,-0.2202,0.2230,-50.42,-0.2205,0.2242,-59.06,0.1293,80.79,
26.601,3,DRIFT,2.195,0.000,-0.000,1.000,0.000,0.000,0.000,0.000,0.0,0.0,-0.2231,0.2319,-52.17,-0.2242,0.2350,-53.89,0.1214,79.03,
26.651,3,DRIFT,2.245,0.000,-0.000,1.000,0.000,0.000,0.000,0.000,0.0,0.0,-0.2260,0.2383,-48.54,-0.2286,0.2437,-48.83,0.1149,82.66,
26.703,3,DRIFT,2.297,0.000,-0.000,1.000,0.000,0.000,0.000,0.000,0.0,0.0,-0.2285,0.2438,-45.31,-0.2310,0.2479,-46.47,0.1094,85.89,
26.752,3,DRIFT,2.346,0.000,-0.000,1.000,0.000,0.000,0.000,0.000,0.0,0.0,-0.2313,0.2486,-42.22,-0.2322,0.2502,-44.87,0.1041,88.98,
26.801,3,DRIFT,2.395,0.000,-0.000,1.000,0.000,0.000,0.000,0.000,0.0,0.0,-0.2313,0.2486,-39.40,-0.2329,0.2518,-44.01,0.1041,91.81,
26.851,3,DRIFT,2.445,0.000,-0.000,1.000,0.000,0.000,0.000,0.000,0.0,0.0,-0.2313,0.2486,-36.53,-0.2329,0.2518,-44.01,0.1041,94.68,
26.904,4,DRIFT,2.499,0.000,0.000,0.000,0.000,0.000,0.000,0.000,0.0,0.0,-0.2313,0.2486,-33.64,-0.2329,0.2518,-44.01,0.1041,97.57,FIN_DRIFT_leg3_TIMEOUT_2.5s_2.49s
