t_s,rep,state,elapsed_s,cmd_wz,opt_dyaw_deg,imu_yaw_deg,kf_dyaw_deg,kf_err_deg,event
0.052,0,WAIT,0.053,0.0000,0.00,0.00,0.00,0.00,
0.102,0,WAIT,0.102,0.0000,0.00,0.00,0.00,0.00,
0.154,0,SPIN,0.001,0.0000,0.00,0.00,0.00,0.00,
0.203,0,SPIN,0.049,1.0000,-0.05,0.00,0.00,0.05,
0.252,0,SPIN,0.099,1.0000,-0.05,0.00,2.86,2.91,
0.303,0,SPIN,0.149,1.0000,-0.05,0.00,5.72,5.77,
0.352,0,SPIN,0.199,1.0000,0.01,0.00,8.58,8.57,
0.403,0,SPIN,0.249,1.0000,0.03,0.00,11.45,11.42,
0.452,0,SPIN,0.299,1.0000,0.03,0.00,14.31,14.28,
0.503,0,SPIN,0.350,1.0000,0.03,0.00,17.23,17.20,
0.552,0,SPIN,0.399,1.0000,0.04,0.00,20.03,19.98,
0.602,0,SPIN,0.449,1.0000,0.04,0.00,22.90,22.86,
0.653,0,SPIN,0.499,1.0000,0.04,0.00,25.78,25.73,
0.702,0,SPIN,0.549,1.0000,0.04,0.00,28.63,28.58,
0.753,0,SPIN,0.600,1.0000,0.14,0.00,31.56,31.42,
0.802,0,SPIN,0.649,1.0000,0.14,0.00,34.36,34.22,
0.852,0,SPIN,0.699,1.0000,0.14,0.00,37.22,37.08,
0.904,0,SPIN,0.751,1.0000,0.14,0.00,40.17,40.02,
0.953,0,SPIN,0.800,1.0000,0.14,0.00,43.01,42.87,
1.002,0,SPIN,0.849,1.0000,0.14,0.00,45.82,45.68,
1.052,0,SPIN,0.899,1.0000,0.14,0.00,48.69,48.55,
1.102,0,SPIN,0.949,1.0000,0.14,0.00,51.55,51.41,
1.152,0,SPIN,0.999,1.0000,0.14,0.00,54.42,54.28,
1.202,0,SPIN,1.049,1.0000,0.14,0.00,57.28,57.14,
1.252,0,SPIN,1.099,1.0000,0.14,0.00,60.15,60.01,
1.303,0,SPIN,1.150,1.0000,0.14,0.00,63.05,62.91,
1.353,0,SPIN,1.199,1.0000,0.14,0.00,65.88,65.74,
1.402,0,SPIN,1.249,1.0000,0.14,0.00,68.74,68.60,
1.452,0,SPIN,1.299,1.0000,0.14,0.00,71.60,71.46,
1.502,0,SPIN,1.349,1.0000,0.14,0.00,74.47,74.33,
1.552,0,SPIN,1.399,1.0000,0.14,0.00,77.34,77.20,
1.603,0,SPIN,1.450,1.0000,16.94,0.00,80.23,63.30,
1.652,0,SPIN,1.499,1.0000,20.71,0.00,83.07,62.36,
1.702,0,SPIN,1.549,1.0000,20.71,0.00,85.92,65.22,
1.752,0,SPIN,1.599,1.0000,20.71,0.00,88.80,68.09,
1.802,0,SPIN,1.649,1.0000,20.71,0.00,91.65,70.95,
1.852,0,SPIN,1.699,1.0000,27.14,0.00,94.52,67.38,
1.902,0,SPIN,1.749,1.0000,27.14,0.00,97.38,70.24,
1.952,0,SPIN,1.799,1.0000,32.70,0.00,100.25,67.55,
2.003,0,SPIN,1.850,1.0000,32.70,0.00,103.13,70.43,
2.052,0,SPIN,1.899,1.0000,32.70,0.00,105.98,73.28,
2.102,0,SPIN,1.949,1.0000,32.70,0.00,108.85,76.14,
2.153,0,SPIN,2.000,1.0000,37.58,0.00,111.74,74.16,
2.202,0,SPIN,2.049,1.0000,41.83,0.00,114.57,72.74,
2.252,0,SPIN,2.099,1.0000,41.83,0.00,117.45,75.61,
2.303,0,SPIN,2.150,1.0000,41.83,0.00,120.32,78.48,
2.352,0,SPIN,2.199,1.0000,41.83,0.00,123.17,81.33,
2.402,0,SPIN,2.249,1.0000,42.75,0.00,126.03,83.28,
2.454,0,SPIN,2.301,1.0000,42.75,0.00,129.00,86.25,
2.503,0,SPIN,2.350,1.0000,42.75,0.00,131.78,89.03,
2.552,0,SPIN,2.399,1.0000,42.75,0.00,134.62,91.87,
2.602,0,SPIN,2.449,1.0000,42.75,0.00,137.50,94.75,
2.652,0,SPIN,2.499,1.0000,58.13,0.00,140.33,82.21,
2.705,0,SPIN,2.551,0.0000,58.13,0.00,143.22,85.09,FIN_SPIN_rep0
2.706,0,COAST,0.001,0.0000,58.13,0.00,143.22,85.09,
2.752,0,COAST,0.047,0.0000,58.13,0.00,143.22,85.09,
2.804,0,COAST,0.099,0.0000,58.13,0.00,143.22,85.09,
2.852,0,COAST,0.147,0.0000,61.28,0.00,143.22,81.94,
2.902,0,COAST,0.197,0.0000,61.14,0.00,143.22,82.09,
2.952,0,COAST,0.247,0.0000,61.14,0.00,143.22,82.09,
3.002,0,COAST,0.297,0.0000,61.14,0.00,143.22,82.09,
3.052,0,COAST,0.347,0.0000,61.14,0.00,143.22,82.09,
3.102,0,COAST,0.397,0.0000,61.18,0.00,143.22,82.04,
3.152,0,COAST,0.447,0.0000,61.18,0.00,143.22,82.04,
3.202,0,COAST,0.497,0.0000,61.18,0.00,143.22,82.04,
3.252,0,COAST,0.547,0.0000,61.18,0.00,143.22,82.04,
3.302,0,COAST,0.597,0.0000,61.20,0.00,143.22,82.02,
3.353,0,COAST,0.648,0.0000,61.16,0.00,143.22,82.06,
3.402,0,COAST,0.697,0.0000,61.16,0.00,143.22,82.06,
3.452,0,COAST,0.747,0.0000,61.16,0.00,143.22,82.06,
3.503,0,COAST,0.797,0.0000,61.16,0.00,143.22,82.06,
3.554,0,COAST,0.849,0.0000,61.11,0.00,143.22,82.11,
3.602,0,COAST,0.897,0.0000,61.24,0.00,143.22,81.99,
3.652,0,COAST,0.947,0.0000,61.24,0.00,143.22,81.99,
3.702,0,COAST,0.997,0.0000,61.24,0.00,143.22,81.99,
3.752,0,COAST,1.047,0.0000,61.24,0.00,143.22,81.99,
3.802,0,COAST,1.097,0.0000,61.19,0.00,143.22,82.03,
3.852,0,COAST,1.147,0.0000,61.16,0.00,143.22,82.07,
3.902,0,COAST,1.197,0.0000,61.16,0.00,143.22,82.07,
3.952,0,COAST,1.247,0.0000,61.16,0.00,143.22,82.07,
4.004,0,COAST,1.299,0.0000,61.23,0.00,143.22,81.99,
4.052,0,COAST,1.347,0.0000,61.11,0.00,143.22,82.12,
4.102,0,COAST,1.397,0.0000,61.16,0.00,143.22,82.06,
4.152,0,COAST,1.447,0.0000,61.16,0.00,143.22,82.06,
4.202,0,COAST,1.497,0.0000,61.16,0.00,143.22,82.06,
4.253,0,COAST,1.548,0.0000,61.16,0.00,143.22,82.06,
4.302,0,COAST,1.597,0.0000,61.15,0.00,143.22,82.08,
4.353,0,COAST,1.648,0.0000,61.15,0.00,143.22,82.08,
4.403,0,COAST,1.698,0.0000,61.15,0.00,143.22,82.07,
4.452,0,COAST,1.747,0.0000,61.23,0.00,143.22,82.00,
4.502,0,COAST,1.797,0.0000,61.13,0.00,143.22,82.10,
4.552,0,COAST,1.847,0.0000,61.20,0.00,143.22,82.02,
4.602,0,COAST,1.897,0.0000,61.13,0.00,143.22,82.09,
4.652,0,COAST,1.947,0.0000,61.13,0.00,143.22,82.09,
4.702,0,COAST,1.997,0.0000,61.13,0.00,143.22,82.09,
4.756,0,COAST,2.051,0.0000,61.20,0.00,143.22,82.02,FIN_COAST_rep0
4.759,1,PAUSE,0.001,0.0000,61.20,0.00,143.22,82.02,
4.803,1,PAUSE,0.044,0.0000,61.15,0.00,143.22,82.08,
4.852,1,PAUSE,0.094,0.0000,61.17,0.00,143.22,82.05,
4.902,1,PAUSE,0.144,0.0000,61.18,0.00,143.22,82.04,
4.952,1,PAUSE,0.194,0.0000,61.15,0.00,143.22,82.07,
5.002,1,PAUSE,0.244,0.0000,61.15,0.00,143.22,82.07,
5.053,1,PAUSE,0.294,0.0000,61.21,0.00,143.22,82.01,
5.103,1,PAUSE,0.344,0.0000,61.16,0.00,143.22,82.07,
5.152,1,PAUSE,0.394,0.0000,61.19,0.00,143.22,82.04,
5.202,1,PAUSE,0.444,0.0000,61.14,0.00,143.22,82.09,
5.252,1,PAUSE,0.494,0.0000,61.16,0.00,143.22,82.07,
5.303,1,PAUSE,0.544,0.0000,61.16,0.00,143.22,82.07,
5.352,1,PAUSE,0.594,0.0000,61.16,0.00,143.22,82.07,
5.404,1,PAUSE,0.645,0.0000,61.23,0.00,143.22,81.99,
5.452,1,PAUSE,0.693,0.0000,61.19,0.00,143.22,82.04,
5.504,1,PAUSE,0.746,0.0000,61.19,0.00,143.22,82.03,
5.552,1,PAUSE,0.794,0.0000,61.14,0.00,143.22,82.08,
5.602,1,PAUSE,0.844,0.0000,61.17,0.00,143.22,82.05,
5.652,1,PAUSE,0.894,0.0000,61.17,0.00,143.22,82.05,
5.702,1,PAUSE,0.944,0.0000,61.17,0.00,143.22,82.05,
5.753,1,PAUSE,0.995,0.0000,61.17,0.00,143.22,82.05,
5.803,1,PAUSE,1.044,0.0000,61.19,0.00,143.22,82.03,
5.852,1,PAUSE,1.094,0.0000,61.16,0.00,143.22,82.06,
5.902,1,PAUSE,1.144,0.0000,61.14,0.00,143.22,82.09,
5.952,1,PAUSE,1.194,0.0000,61.19,0.00,143.22,82.03,
6.002,1,PAUSE,1.244,0.0000,61.19,0.00,143.22,82.03,
6.052,1,PAUSE,1.294,0.0000,61.19,0.00,143.22,82.03,
6.103,1,PAUSE,1.344,0.0000,61.22,0.00,143.22,82.01,
6.152,1,PAUSE,1.394,0.0000,61.23,0.00,143.22,82.00,
6.202,1,PAUSE,1.444,0.0000,61.15,0.00,143.22,82.08,
6.252,1,PAUSE,1.494,0.0000,61.16,0.00,143.22,82.07,
6.302,1,PAUSE,1.544,0.0000,61.18,0.00,143.22,82.04,
6.352,1,PAUSE,1.594,0.0000,61.18,0.00,143.22,82.04,
6.402,1,PAUSE,1.644,0.0000,61.18,0.00,143.22,82.04,
6.452,1,PAUSE,1.694,0.0000,61.14,0.00,143.22,82.09,
6.502,1,PAUSE,1.744,0.0000,61.19,0.00,143.22,82.04,
6.552,1,PAUSE,1.794,0.0000,61.18,0.00,143.22,82.04,
6.602,1,PAUSE,1.844,0.0000,61.14,0.00,143.22,82.08,
6.652,1,PAUSE,1.894,0.0000,61.17,0.00,143.22,82.05,
6.702,1,PAUSE,1.944,0.0000,61.17,0.00,143.22,82.05,
6.752,1,PAUSE,1.994,0.0000,61.17,0.00,143.22,82.05,
6.806,1,SPIN,0.001,0.0000,0.00,0.00,0.00,0.00,
6.852,1,SPIN,0.047,1.0000,0.00,0.00,0.00,-0.00,
6.903,1,SPIN,0.098,1.0000,0.01,0.00,2.91,2.90,
6.952,1,SPIN,0.147,1.0000,0.07,0.00,5.73,5.66,
7.002,1,SPIN,0.197,1.0000,0.11,0.00,8.59,8.49,
7.053,1,SPIN,0.248,1.0000,0.11,0.00,11.47,11.37,
7.102,1,SPIN,0.297,1.0000,0.13,0.00,14.32,14.19,
7.153,1,SPIN,0.348,1.0000,0.03,0.00,17.22,17.19,
7.202,1,SPIN,0.397,1.0000,0.15,0.00,20.05,19.90,
7.253,1,SPIN,0.448,1.0000,0.11,0.00,22.96,22.85,
7.303,1,SPIN,0.498,1.0000,0.11,0.00,25.80,25.69,
7.352,1,SPIN,0.547,1.0000,0.11,0.00,28.66,28.55,
7.403,1,SPIN,0.598,1.0000,0.17,0.00,31.57,31.40,
7.452,1,SPIN,0.648,1.0000,1.35,0.00,34.38,33.03,
7.502,1,SPIN,0.697,1.0000,2.42,0.00,37.22,34.80,
7.552,1,SPIN,0.747,1.0000,2.77,0.00,40.08,37.31,
7.602,1,SPIN,0.797,1.0000,2.86,0.00,42.95,40.10,
7.652,1,SPIN,0.847,1.0000,2.86,0.00,45.82,42.96,
7.702,1,SPIN,0.897,1.0000,2.86,0.00,48.68,45.82,
7.752,1,SPIN,0.947,1.0000,2.86,0.00,51.54,48.69,
7.802,1,SPIN,0.997,1.0000,2.87,0.00,54.41,51.55,
7.852,1,SPIN,1.047,1.0000,3.02,0.00,57.30,54.28,
7.902,1,SPIN,1.097,1.0000,3.69,0.00,60.16,56.47,
7.953,1,SPIN,1.148,1.0000,4.15,0.00,63.04,58.88,
8.003,1,SPIN,1.198,1.0000,4.18,0.00,65.90,61.72,
8.052,1,SPIN,1.247,1.0000,4.18,0.00,68.76,64.57,
8.102,1,SPIN,1.297,1.0000,4.18,0.00,71.62,67.44,
8.152,1,SPIN,1.348,1.0000,6.51,0.00,74.49,67.98,
8.202,1,SPIN,1.397,1.0000,8.64,0.00,77.35,68.70,
8.253,1,SPIN,1.448,1.0000,10.68,0.00,80.24,69.55,
8.303,1,SPIN,1.498,1.0000,12.82,0.00,83.13,70.31,
8.352,1,SPIN,1.547,1.0000,13.12,0.00,85.94,72.82,
8.402,1,SPIN,1.598,1.0000,13.12,0.00,88.82,75.69,
8.452,1,SPIN,1.648,1.0000,13.12,0.00,91.68,78.56,
8.502,1,SPIN,1.697,1.0000,20.30,0.00,94.53,74.23,
8.553,1,SPIN,1.748,1.0000,22.02,0.00,97.42,75.40,
8.603,1,SPIN,1.798,1.0000,24.94,0.00,100.28,75.35,
8.652,1,SPIN,1.847,1.0000,26.85,0.00,103.13,76.28,
8.702,1,SPIN,1.897,1.0000,26.85,0.00,105.99,79.15,
8.752,1,SPIN,1.947,1.0000,26.85,0.00,108.86,82.01,
8.802,1,SPIN,1.997,1.0000,26.85,0.00,111.73,84.88,
8.854,1,SPIN,2.049,1.0000,36.77,0.00,114.68,77.90,
8.902,1,SPIN,2.097,1.0000,39.20,0.00,117.45,78.25,
8.952,1,SPIN,2.147,1.0000,39.61,0.00,120.32,80.71,
9.004,1,SPIN,2.199,1.0000,39.80,0.00,123.28,83.48,
9.052,1,SPIN,2.247,1.0000,39.79,0.00,126.05,86.27,
9.102,1,SPIN,2.297,1.0000,39.79,0.00,128.92,89.13,
9.152,1,SPIN,2.348,1.0000,39.79,0.00,131.79,92.00,
9.202,1,SPIN,2.397,1.0000,39.80,0.00,134.64,94.84,
9.252,1,SPIN,2.447,1.0000,39.83,0.00,137.51,97.68,
9.302,1,SPIN,2.497,1.0000,39.86,0.00,140.37,100.52,
9.356,1,SPIN,2.551,0.0000,39.94,0.00,143.34,103.40,FIN_SPIN_rep1
9.357,1,COAST,0.001,0.0000,39.94,0.00,143.34,103.40,
9.402,1,COAST,0.045,0.0000,39.94,0.00,143.34,103.39,
9.452,1,COAST,0.095,0.0000,39.94,0.00,143.34,103.39,
9.502,1,COAST,0.145,0.0000,39.94,0.00,143.34,103.39,
9.553,1,COAST,0.196,0.0000,40.13,0.00,143.34,103.21,
9.603,1,COAST,0.246,0.0000,40.13,0.00,143.34,103.21,
9.653,1,COAST,0.296,0.0000,40.09,0.00,143.34,103.25,
9.702,1,COAST,0.345,0.0000,40.12,0.00,143.34,103.22,
9.752,1,COAST,0.395,0.0000,40.11,0.00,143.34,103.23,
9.803,1,COAST,0.446,0.0000,40.11,0.00,143.34,103.23,
9.852,1,COAST,0.496,0.0000,40.11,0.00,143.34,103.23,
9.904,1,COAST,0.547,0.0000,40.12,0.00,143.34,103.22,
9.952,1,COAST,0.595,0.0000,40.12,0.00,143.34,103.22,
10.003,1,COAST,0.647,0.0000,40.09,0.00,143.34,103.25,
10.052,1,COAST,0.696,0.0000,40.13,0.00,143.34,103.21,
10.102,1,COAST,0.745,0.0000,40.13,0.00,143.34,103.21,
10.152,1,COAST,0.795,0.0000,40.13,0.00,143.34,103.21,
10.202,1,COAST,0.845,0.0000,40.09,0.00,143.34,103.25,
10.252,1,COAST,0.895,0.0000,40.09,0.00,143.34,103.25,
10.302,1,COAST,0.945,0.0000,40.13,0.00,143.34,103.21,
10.352,1,COAST,0.996,0.0000,40.11,0.00,143.34,103.23,
10.402,1,COAST,1.046,0.0000,40.12,0.00,143.34,103.21,
10.452,1,COAST,1.096,0.0000,40.12,0.00,143.34,103.21,
10.503,1,COAST,1.146,0.0000,40.12,0.00,143.34,103.21,
10.553,1,COAST,1.196,0.0000,40.12,0.00,143.34,103.21,
10.603,1,COAST,1.247,0.0000,40.12,0.00,143.34,103.22,
10.652,1,COAST,1.295,0.0000,40.12,0.00,143.34,103.22,
10.702,1,COAST,1.346,0.0000,40.13,0.00,143.34,103.21,
10.752,1,COAST,1.395,0.0000,40.11,0.00,143.34,103.23,
10.802,1,COAST,1.446,0.0000,40.11,0.00,143.34,103.23,
10.852,1,COAST,1.496,0.0000,40.11,0.00,143.34,103.23,
10.902,1,COAST,1.546,0.0000,40.11,0.00,143.34,103.23,
10.953,1,COAST,1.597,0.0000,40.15,0.00,143.34,103.19,
11.002,1,COAST,1.645,0.0000,40.12,0.00,143.34,103.22,
11.052,1,COAST,1.695,0.0000,40.14,0.00,143.34,103.20,
11.102,1,COAST,1.745,0.0000,40.13,0.00,143.34,103.21,
11.152,1,COAST,1.795,0.0000,40.13,0.00,143.34,103.21,
11.202,1,COAST,1.845,0.0000,40.13,0.00,143.34,103.21,
11.252,1,COAST,1.896,0.0000,40.13,0.00,143.34,103.21,
11.302,1,COAST,1.945,0.0000,40.13,0.00,143.34,103.21,
11.352,1,COAST,1.996,0.0000,40.11,0.00,143.34,103.23,
11.405,1,COAST,2.048,0.0000,40.12,0.00,143.34,103.22,FIN_COAST_rep1
11.408,2,PAUSE,0.001,0.0000,40.12,0.00,143.34,103.22,
11.453,2,PAUSE,0.045,0.0000,40.12,0.00,143.34,103.22,
11.502,2,PAUSE,0.095,0.0000,40.12,0.00,143.34,103.22,
11.552,2,PAUSE,0.145,0.0000,40.12,0.00,143.34,103.22,
11.603,2,PAUSE,0.196,0.0000,40.12,0.00,143.34,103.22,
11.652,2,PAUSE,0.244,0.0000,40.12,0.00,143.34,103.22,
11.702,2,PAUSE,0.294,0.0000,40.12,0.00,143.34,103.22,
11.752,2,PAUSE,0.344,0.0000,40.12,0.00,143.34,103.21,
11.802,2,PAUSE,0.394,0.0000,40.14,0.00,143.34,103.20,
11.853,2,PAUSE,0.445,0.0000,40.13,0.00,143.34,103.20,
11.902,2,PAUSE,0.495,0.0000,40.12,0.00,143.34,103.22,
11.954,2,PAUSE,0.546,0.0000,40.10,0.00,143.34,103.24,
12.003,2,PAUSE,0.595,0.0000,40.12,0.00,143.34,103.22,
12.053,2,PAUSE,0.645,0.0000,40.07,0.00,143.34,103.27,
12.102,2,PAUSE,0.695,0.0000,40.12,0.00,143.34,103.22,
12.152,2,PAUSE,0.745,0.0000,40.12,0.00,143.34,103.22,
12.202,2,PAUSE,0.795,0.0000,40.12,0.00,143.34,103.22,
12.253,2,PAUSE,0.845,0.0000,40.12,0.00,143.34,103.22,
12.302,2,PAUSE,0.894,0.0000,40.13,0.00,143.34,103.21,
12.352,2,PAUSE,0.945,0.0000,40.12,0.00,143.34,103.22,
12.402,2,PAUSE,0.995,0.0000,40.13,0.00,143.34,103.21,
12.452,2,PAUSE,1.045,0.0000,40.10,0.00,143.34,103.24,
12.502,2,PAUSE,1.095,0.0000,40.10,0.00,143.34,103.24,
12.553,2,PAUSE,1.145,0.0000,40.10,0.00,143.34,103.24,
12.603,2,PAUSE,1.195,0.0000,40.14,0.00,143.34,103.20,
12.652,2,PAUSE,1.245,0.0000,40.11,0.00,143.34,103.23,
12.702,2,PAUSE,1.295,0.0000,40.14,0.00,143.34,103.20,
12.752,2,PAUSE,1.345,0.0000,40.11,0.00,143.34,103.23,
12.802,2,PAUSE,1.395,0.0000,40.12,0.00,143.34,103.22,
12.853,2,PAUSE,1.445,0.0000,40.11,0.00,143.34,103.23,
12.904,2,PAUSE,1.496,0.0000,40.13,0.00,143.34,103.21,
12.952,2,PAUSE,1.545,0.0000,40.13,0.00,143.34,103.21,
13.002,2,PAUSE,1.595,0.0000,40.13,0.00,143.34,103.21,
13.052,2,PAUSE,1.645,0.0000,40.09,0.00,143.34,103.25,
13.102,2,PAUSE,1.695,0.0000,40.13,0.00,143.34,103.20,
13.153,2,PAUSE,1.745,0.0000,40.10,0.00,143.34,103.24,
13.202,2,PAUSE,1.795,0.0000,40.13,0.00,143.34,103.21,
13.252,2,PAUSE,1.845,0.0000,40.13,0.00,143.34,103.21,
13.303,2,PAUSE,1.895,0.0000,40.13,0.00,143.34,103.21,
13.352,2,PAUSE,1.945,0.0000,40.10,0.00,143.34,103.24,
13.402,2,PAUSE,1.995,0.0000,40.12,0.00,143.34,103.21,
13.457,2,SPIN,0.001,0.0000,0.00,0.00,0.00,0.00,
13.503,2,SPIN,0.047,1.0000,-0.01,0.00,0.00,0.01,
13.552,2,SPIN,0.097,1.0000,-0.01,0.00,2.83,2.83,
13.603,2,SPIN,0.147,1.0000,0.02,0.00,5.72,5.70,
13.653,2,SPIN,0.197,1.0000,-0.02,0.00,8.57,8.59,
13.704,2,SPIN,0.248,1.0000,0.01,0.00,11.52,11.51,
13.752,2,SPIN,0.297,1.0000,0.01,0.00,14.29,14.28,
13.802,2,SPIN,0.347,1.0000,0.08,0.00,17.15,17.07,
13.853,2,SPIN,0.397,1.0000,0.04,0.00,20.04,20.00,
13.902,2,SPIN,0.447,1.0000,0.06,0.00,22.88,22.81,
13.953,2,SPIN,0.498,1.0000,0.06,0.00,25.81,25.75,
14.002,2,SPIN,0.546,1.0000,0.08,0.00,28.61,28.53,
14.052,2,SPIN,0.597,1.0000,0.11,0.00,31.48,31.37,
14.102,2,SPIN,0.646,1.0000,0.11,0.00,34.33,34.22,
14.152,2,SPIN,0.696,1.0000,0.13,0.00,37.20,37.07,
14.203,2,SPIN,0.747,1.0000,0.19,0.00,40.10,39.90,
14.252,2,SPIN,0.796,1.0000,0.35,0.00,42.93,42.58,
14.302,2,SPIN,0.846,1.0000,1.05,0.00,45.80,44.74,
14.353,2,SPIN,0.897,1.0000,2.30,0.00,48.69,46.39,
14.402,2,SPIN,0.947,1.0000,3.77,0.00,51.53,47.76,
14.453,2,SPIN,0.997,1.0000,5.99,0.00,54.42,48.44,
14.503,2,SPIN,1.047,1.0000,7.82,0.00,57.27,49.44,
14.553,2,SPIN,1.097,1.0000,9.90,0.00,60.14,50.24,
14.605,2,SPIN,1.149,1.0000,12.68,0.00,63.12,50.44,
14.652,2,SPIN,1.197,1.0000,15.59,0.00,65.86,50.26,
14.703,2,SPIN,1.247,1.0000,18.47,0.00,68.75,50.27,
14.752,2,SPIN,1.297,1.0000,21.58,0.00,71.58,50.01,
14.802,2,SPIN,1.346,1.0000,24.16,0.00,74.44,50.28,
14.852,2,SPIN,1.397,1.0000,24.16,0.00,77.31,53.15,
14.902,2,SPIN,1.447,1.0000,24.16,0.00,80.18,56.02,
14.953,2,SPIN,1.497,1.0000,27.80,0.00,83.08,55.28,
15.002,2,SPIN,1.546,1.0000,33.52,0.00,85.91,52.39,
15.052,2,SPIN,1.597,1.0000,33.52,0.00,88.77,55.26,
15.102,2,SPIN,1.647,1.0000,33.52,0.00,91.64,58.12,
15.152,2,SPIN,1.696,1.0000,40.11,0.00,94.50,54.38,
15.202,2,SPIN,1.747,1.0000,40.11,0.00,97.37,57.26,
15.252,2,SPIN,1.797,1.0000,40.11,0.00,100.23,60.12,
15.302,2,SPIN,1.846,1.0000,40.11,0.00,103.09,62.98,
15.352,2,SPIN,1.896,1.0000,49.84,0.00,105.96,56.12,
15.402,2,SPIN,1.946,1.0000,53.33,0.00,108.82,55.49,
15.453,2,SPIN,1.997,1.0000,53.33,0.00,111.70,58.37,
15.502,2,SPIN,2.047,1.0000,58.02,0.00,114.56,56.54,
15.552,2,SPIN,2.097,1.0000,58.02,0.00,117.43,59.41,
15.603,2,SPIN,2.147,1.0000,58.02,0.00,120.30,62.28,
15.653,2,SPIN,2.197,1.0000,58.02,0.00,123.16,65.14,
15.703,2,SPIN,2.247,1.0000,58.02,0.00,126.03,68.01,
15.752,2,SPIN,2.297,1.0000,58.02,0.00,128.88,70.86,
15.802,2,SPIN,2.347,1.0000,58.02,0.00,131.74,73.72,
15.852,2,SPIN,2.397,1.0000,58.02,0.00,134.62,76.60,
15.902,2,SPIN,2.447,1.0000,58.02,0.00,137.48,79.46,
15.952,2,SPIN,2.497,1.0000,58.02,0.00,140.35,82.33,
16.005,2,SPIN,2.549,0.0000,58.02,0.00,143.21,85.19,FIN_SPIN_rep2
16.006,2,COAST,0.001,0.0000,58.02,0.00,143.21,85.19,
16.052,2,COAST,0.047,0.0000,58.02,0.00,143.21,85.19,
16.102,2,COAST,0.097,0.0000,58.02,0.00,143.21,85.19,
16.152,2,COAST,0.147,0.0000,58.02,0.00,143.21,85.19,
16.202,2,COAST,0.197,0.0000,58.02,0.00,143.21,85.19,
16.253,2,COAST,0.247,0.0000,58.02,0.00,143.21,85.19,
16.303,2,COAST,0.298,0.0000,67.87,0.00,143.21,75.34,
16.352,2,COAST,0.347,0.0000,87.07,0.00,143.21,56.14,
16.402,2,COAST,0.397,0.0000,87.07,0.00,143.21,56.14,
16.452,2,COAST,0.447,0.0000,87.07,0.00,143.21,56.14,
16.503,2,COAST,0.497,0.0000,87.07,0.00,143.21,56.14,
16.552,2,COAST,0.547,0.0000,87.09,0.00,143.21,56.12,
16.602,2,COAST,0.597,0.0000,87.09,0.00,143.21,56.11,
16.652,2,COAST,0.647,0.0000,87.09,0.00,143.21,56.11,
16.702,2,COAST,0.697,0.0000,87.09,0.00,143.21,56.11,
16.752,2,COAST,0.747,0.0000,87.09,0.00,143.21,56.11,
16.802,2,COAST,0.797,0.0000,87.07,0.00,143.21,56.14,
16.852,2,COAST,0.847,0.0000,87.07,0.00,143.21,56.14,
16.904,2,COAST,0.899,0.0000,87.06,0.00,143.21,56.15,
16.952,2,COAST,0.947,0.0000,87.06,0.00,143.21,56.15,
17.002,2,COAST,0.997,0.0000,87.06,0.00,143.21,56.15,
17.052,2,COAST,1.047,0.0000,87.06,0.00,143.21,56.15,
17.103,2,COAST,1.098,0.0000,87.07,0.00,143.21,56.14,
17.152,2,COAST,1.147,0.0000,87.06,0.00,143.21,56.15,
17.202,2,COAST,1.197,0.0000,87.06,0.00,143.21,56.15,
17.252,2,COAST,1.247,0.0000,87.06,0.00,143.21,56.15,
17.303,2,COAST,1.298,0.0000,87.06,0.00,143.21,56.15,
17.353,2,COAST,1.347,0.0000,87.06,0.00,143.21,56.15,
17.402,2,COAST,1.397,0.0000,87.06,0.00,143.21,56.15,
17.452,2,COAST,1.447,0.0000,87.06,0.00,143.21,56.15,
17.502,2,COAST,1.497,0.0000,87.06,0.00,143.21,56.15,
17.553,2,COAST,1.548,0.0000,87.06,0.00,143.21,56.15,
17.602,2,COAST,1.597,0.0000,87.05,0.00,143.21,56.16,
17.652,2,COAST,1.647,0.0000,87.05,0.00,143.21,56.16,
17.702,2,COAST,1.697,0.0000,87.05,0.00,143.21,56.16,
17.752,2,COAST,1.747,0.0000,87.05,0.00,143.21,56.16,
17.803,2,COAST,1.798,0.0000,87.00,0.00,143.21,56.20,
17.852,2,COAST,1.847,0.0000,87.05,0.00,143.21,56.16,
17.902,2,COAST,1.897,0.0000,87.05,0.00,143.21,56.16,
17.952,2,COAST,1.947,0.0000,87.05,0.00,143.21,56.16,
18.002,2,COAST,1.997,0.0000,87.05,0.00,143.21,56.16,
18.055,2,COAST,2.050,0.0000,87.04,0.00,143.21,56.16,FIN_COAST_rep2
18.058,3,PAUSE,0.001,0.0000,87.04,0.00,143.21,56.16,
18.102,3,PAUSE,0.045,0.0000,87.02,0.00,143.21,56.19,
18.152,3,PAUSE,0.095,0.0000,87.02,0.00,143.21,56.19,
18.202,3,PAUSE,0.145,0.0000,87.02,0.00,143.21,56.19,
18.254,3,PAUSE,0.196,0.0000,87.08,0.00,143.21,56.13,
18.304,3,PAUSE,0.246,0.0000,87.01,0.00,143.21,56.20,
18.352,3,PAUSE,0.295,0.0000,87.01,0.00,143.21,56.20,
18.402,3,PAUSE,0.345,0.0000,87.01,0.00,143.21,56.20,
18.452,3,PAUSE,0.395,0.0000,87.01,0.00,143.21,56.20,
18.502,3,PAUSE,0.445,0.0000,87.01,0.00,143.21,56.20,
18.552,3,PAUSE,0.495,0.0000,87.03,0.00,143.21,56.17,
18.602,3,PAUSE,0.545,0.0000,87.03,0.00,143.21,56.17,
18.652,3,PAUSE,0.595,0.0000,87.03,0.00,143.21,56.17,
18.703,3,PAUSE,0.645,0.0000,87.06,0.00,143.21,56.15,
18.752,3,PAUSE,0.695,0.0000,87.09,0.00,143.21,56.11,
18.802,3,PAUSE,0.745,0.0000,87.09,0.00,143.21,56.11,
18.852,3,PAUSE,0.795,0.0000,87.09,0.00,143.21,56.11,
18.903,3,PAUSE,0.846,0.0000,87.05,0.00,143.21,56.16,
18.952,3,PAUSE,0.895,0.0000,87.08,0.00,143.21,56.13,
19.002,3,PAUSE,0.945,0.0000,87.08,0.00,143.21,56.13,
19.052,3,PAUSE,0.995,0.0000,87.08,0.00,143.21,56.13,
19.102,3,PAUSE,1.045,0.0000,87.08,0.00,143.21,56.13,
19.152,3,PAUSE,1.095,0.0000,87.03,0.00,143.21,56.17,
19.203,3,PAUSE,1.145,0.0000,87.05,0.00,143.21,56.15,
19.252,3,PAUSE,1.195,0.0000,87.06,0.00,143.21,56.14,
19.302,3,PAUSE,1.245,0.0000,87.06,0.00,143.21,56.14,
19.353,3,PAUSE,1.296,0.0000,87.06,0.00,143.21,56.14,
19.404,3,PAUSE,1.346,0.0000,87.06,0.00,143.21,56.15,
19.453,3,PAUSE,1.395,0.0000,87.01,0.00,143.21,56.20,
19.504,3,PAUSE,1.447,0.0000,87.08,0.00,143.21,56.13,
19.552,3,PAUSE,1.495,0.0000,87.04,0.00,143.21,56.17,
19.602,3,PAUSE,1.545,0.0000,87.09,0.00,143.21,56.11,
19.652,3,PAUSE,1.595,0.0000,87.09,0.00,143.21,56.11,
19.702,3,PAUSE,1.645,0.0000,87.09,0.00,143.21,56.11,
19.752,3,PAUSE,1.695,0.0000,87.10,0.00,143.21,56.11,
19.802,3,PAUSE,1.745,0.0000,87.09,0.00,143.21,56.11,
19.852,3,PAUSE,1.795,0.0000,87.07,0.00,143.21,56.14,
19.902,3,PAUSE,1.845,0.0000,87.05,0.00,143.21,56.16,
19.952,3,PAUSE,1.895,0.0000,87.04,0.00,143.21,56.17,
20.003,3,PAUSE,1.946,0.0000,87.04,0.00,143.21,56.17,
20.052,3,PAUSE,1.995,0.0000,87.06,0.00,143.21,56.15,
20.105,3,SPIN,0.001,0.0000,0.00,0.00,0.00,0.00,
20.152,3,SPIN,0.048,1.0000,-0.07,0.00,0.00,0.07,
20.203,3,SPIN,0.099,1.0000,0.02,0.00,2.91,2.90,
20.253,3,SPIN,0.149,1.0000,0.03,0.00,5.74,5.72,
20.304,3,SPIN,0.200,1.0000,0.03,0.00,8.70,8.67,
20.353,3,SPIN,0.249,1.0000,0.03,0.00,11.49,11.46,
20.403,3,SPIN,0.299,1.0000,-0.04,0.00,14.37,14.41,
20.452,3,SPIN,0.348,1.0000,0.05,0.00,17.20,17.15,
20.503,3,SPIN,0.399,1.0000,0.05,0.00,20.09,20.04,
20.552,3,SPIN,0.448,1.0000,0.00,0.00,22.92,22.92,
20.603,3,SPIN,0.498,1.0000,0.07,0.00,25.80,25.73,
20.652,3,SPIN,0.548,1.0000,0.07,0.00,28.65,28.58,
20.703,3,SPIN,0.598,1.0000,0.07,0.00,31.52,31.46,
20.753,3,SPIN,0.649,1.0000,0.10,0.00,34.44,34.33,
20.803,3,SPIN,0.699,1.0000,0.08,0.00,37.29,37.20,
20.852,3,SPIN,0.748,1.0000,0.10,0.00,40.11,40.01,
20.902,3,SPIN,0.798,1.0000,0.18,0.00,42.97,42.80,
20.953,3,SPIN,0.849,1.0000,0.19,0.00,45.85,45.66,
21.002,3,SPIN,0.898,1.0000,0.19,0.00,48.71,48.52,
21.052,3,SPIN,0.948,1.0000,0.19,0.00,51.58,51.39,
21.102,3,SPIN,0.998,1.0000,0.46,0.00,54.44,53.98,
21.152,3,SPIN,1.048,1.0000,2.83,0.00,57.29,54.46,
21.202,3,SPIN,1.098,1.0000,5.56,0.00,60.17,54.61,
21.252,3,SPIN,1.148,1.0000,7.35,0.00,63.03,55.67,
21.302,3,SPIN,1.198,1.0000,9.24,0.00,65.90,56.66,
21.352,3,SPIN,1.248,1.0000,9.24,0.00,68.76,59.52,
21.402,3,SPIN,1.298,1.0000,9.24,0.00,71.63,62.39,
21.452,3,SPIN,1.348,1.0000,15.57,0.00,74.49,58.92,
21.503,3,SPIN,1.399,1.0000,21.72,0.00,77.38,55.66,
21.552,3,SPIN,1.448,1.0000,24.78,0.00,80.22,55.44,
21.602,3,SPIN,1.498,1.0000,27.00,0.00,83.09,56.09,
21.652,3,SPIN,1.548,1.0000,28.61,0.00,85.94,57.33,
21.703,3,SPIN,1.598,1.0000,28.61,0.00,88.83,60.22,
21.753,3,SPIN,1.648,1.0000,28.61,0.00,91.69,63.08,
21.802,3,SPIN,1.698,1.0000,32.30,0.00,94.54,62.24,
21.852,3,SPIN,1.748,1.0000,36.03,0.00,97.41,61.38,
21.902,3,SPIN,1.798,1.0000,36.04,0.00,100.27,64.23,
21.952,3,SPIN,1.848,1.0000,101.49,0.00,103.13,1.64,
22.002,3,SPIN,1.898,1.0000,47.40,0.00,106.00,58.60,
22.052,3,SPIN,1.948,1.0000,47.40,0.00,108.86,61.47,
22.102,3,SPIN,1.998,1.0000,47.40,0.00,111.73,64.33,
22.152,3,SPIN,2.048,1.0000,51.17,0.00,114.60,63.42,
22.202,3,SPIN,2.098,1.0000,53.02,0.00,117.46,64.43,
22.252,3,SPIN,2.148,1.0000,53.79,0.00,120.31,66.52,
22.302,3,SPIN,2.198,1.0000,54.60,0.00,123.18,68.59,
22.352,3,SPIN,2.248,1.0000,54.97,0.00,126.06,71.10,
22.403,3,SPIN,2.299,1.0000,54.97,0.00,128.94,73.97,
22.452,3,SPIN,2.348,1.0000,54.97,0.00,131.79,76.83,
22.502,3,SPIN,2.398,1.0000,59.10,0.00,134.65,75.55,
22.554,3,SPIN,2.450,1.0000,59.10,0.00,137.58,78.48,
22.603,3,SPIN,2.499,1.0000,59.10,0.00,140.39,81.29,
22.655,3,SPIN,2.550,0.0000,73.54,0.00,143.24,69.71,FIN_SPIN_rep3
22.656,3,COAST,0.001,0.0000,73.54,0.00,143.24,69.71,
22.702,3,COAST,0.047,0.0000,73.71,0.00,143.24,69.53,
22.752,3,COAST,0.097,0.0000,73.71,0.00,143.24,69.53,
22.802,3,COAST,0.147,0.0000,73.71,0.00,143.24,69.53,
22.853,3,COAST,0.198,0.0000,75.48,0.00,143.24,67.76,
22.902,3,COAST,0.247,0.0000,75.47,0.00,143.24,67.77,
22.952,3,COAST,0.297,0.0000,75.45,0.00,143.24,67.79,
23.002,3,COAST,0.347,0.0000,75.46,0.00,143.24,67.78,
23.052,3,COAST,0.397,0.0000,75.45,0.00,143.24,67.79,
23.102,3,COAST,0.447,0.0000,75.45,0.00,143.24,67.79,
23.152,3,COAST,0.497,0.0000,75.45,0.00,143.24,67.79,
23.203,3,COAST,0.549,0.0000,75.45,0.00,143.24,67.79,
23.252,3,COAST,0.597,0.0000,75.47,0.00,143.24,67.77,
23.302,3,COAST,0.647,0.0000,75.47,0.00,143.24,67.77,
23.352,3,COAST,0.697,0.0000,75.46,0.00,143.24,67.78,
23.404,3,COAST,0.749,0.0000,75.46,0.00,143.24,67.78,
23.452,3,COAST,0.797,0.0000,75.46,0.00,143.24,67.78,
23.503,3,COAST,0.848,0.0000,75.46,0.00,143.24,67.78,
23.553,3,COAST,0.898,0.0000,75.45,0.00,143.24,67.79,
23.602,3,COAST,0.947,0.0000,75.47,0.00,143.24,67.77,
23.652,3,COAST,0.997,0.0000,75.45,0.00,143.24,67.79,
23.702,3,COAST,1.047,0.0000,75.47,0.00,143.24,67.77,
23.752,3,COAST,1.097,0.0000,75.46,0.00,143.24,67.78,
23.802,3,COAST,1.147,0.0000,75.46,0.00,143.24,67.78,
23.852,3,COAST,1.197,0.0000,75.46,0.00,143.24,67.78,
23.903,3,COAST,1.248,0.0000,75.46,0.00,143.24,67.78,
23.952,3,COAST,1.297,0.0000,75.46,0.00,143.24,67.78,
24.002,3,COAST,1.347,0.0000,75.46,0.00,143.24,67.78,
24.052,3,COAST,1.397,0.0000,75.47,0.00,143.24,67.77,
24.102,3,COAST,1.447,0.0000,75.48,0.00,143.24,67.76,
24.152,3,COAST,1.497,0.0000,75.48,0.00,143.24,67.76,
24.202,3,COAST,1.547,0.0000,75.48,0.00,143.24,67.76,
24.253,3,COAST,1.598,0.0000,75.46,0.00,143.24,67.78,
24.302,3,COAST,1.647,0.0000,75.45,0.00,143.24,67.80,
24.352,3,COAST,1.697,0.0000,75.45,0.00,143.24,67.79,
24.404,3,COAST,1.749,0.0000,75.45,0.00,143.24,67.79,
24.452,3,COAST,1.797,0.0000,75.45,0.00,143.24,67.79,
24.502,3,COAST,1.847,0.0000,75.45,0.00,143.24,67.79,
24.553,3,COAST,1.898,0.0000,75.44,0.00,143.24,67.80,
24.602,3,COAST,1.947,0.0000,75.45,0.00,143.24,67.79,
24.652,3,COAST,1.997,0.0000,75.45,0.00,143.24,67.79,
24.706,3,COAST,2.051,0.0000,75.45,0.00,143.24,67.79,FIN_COAST_rep3
24.709,4,PAUSE,0.001,0.0000,75.45,0.00,143.24,67.79,
24.753,4,PAUSE,0.045,0.0000,75.46,0.00,143.24,67.78,
24.802,4,PAUSE,0.094,0.0000,75.46,0.00,143.24,67.78,
24.852,4,PAUSE,0.144,0.0000,75.46,0.00,143.24,67.78,
24.902,4,PAUSE,0.194,0.0000,75.44,0.00,143.24,67.80,
24.952,4,PAUSE,0.244,0.0000,75.47,0.00,143.24,67.77,
25.002,4,PAUSE,0.294,0.0000,75.46,0.00,143.24,67.78,
25.053,4,PAUSE,0.345,0.0000,75.46,0.00,143.24,67.78,
25.102,4,PAUSE,0.394,0.0000,75.46,0.00,143.24,67.78,
25.152,4,PAUSE,0.444,0.0000,75.46,0.00,143.24,67.78,
25.202,4,PAUSE,0.494,0.0000,75.46,0.00,143.24,67.78,
25.252,4,PAUSE,0.544,0.0000,75.47,0.00,143.24,67.77,
25.302,4,PAUSE,0.594,0.0000,75.47,0.00,143.24,67.77,
25.353,4,PAUSE,0.645,0.0000,75.46,0.00,143.24,67.78,
25.403,4,PAUSE,0.694,0.0000,75.46,0.00,143.24,67.78,
25.452,4,PAUSE,0.744,0.0000,75.49,0.00,143.24,67.75,
25.502,4,PAUSE,0.794,0.0000,75.49,0.00,143.24,67.75,
25.552,4,PAUSE,0.844,0.0000,75.49,0.00,143.24,67.75,
25.602,4,PAUSE,0.894,0.0000,75.49,0.00,143.24,67.75,
25.653,4,PAUSE,0.945,0.0000,75.48,0.00,143.24,67.76,
25.702,4,PAUSE,0.994,0.0000,75.48,0.00,143.24,67.76,
25.752,4,PAUSE,1.044,0.0000,75.49,0.00,143.24,67.75,
25.802,4,PAUSE,1.094,0.0000,75.48,0.00,143.24,67.76,
25.852,4,PAUSE,1.144,0.0000,75.48,0.00,143.24,67.76,
25.902,4,PAUSE,1.194,0.0000,75.48,0.00,143.24,67.76,
25.953,4,PAUSE,1.244,0.0000,75.48,0.00,143.24,67.76,
26.002,4,PAUSE,1.294,0.0000,75.46,0.00,143.24,67.78,
26.052,4,PAUSE,1.343,0.0000,75.48,0.00,143.24,67.76,
26.102,4,PAUSE,1.394,0.0000,75.49,0.00,143.24,67.75,
26.152,4,PAUSE,1.444,0.0000,75.48,0.00,143.24,67.76,
26.202,4,PAUSE,1.493,0.0000,75.48,0.00,143.24,67.76,
26.252,4,PAUSE,1.544,0.0000,75.48,0.00,143.24,67.76,
26.303,4,PAUSE,1.595,0.0000,75.50,0.00,143.24,67.75,
26.352,4,PAUSE,1.644,0.0000,75.49,0.00,143.24,67.75,
26.402,4,PAUSE,1.694,0.0000,75.51,0.00,143.24,67.73,
26.453,4,PAUSE,1.745,0.0000,75.48,0.00,143.24,67.76,
26.502,4,PAUSE,1.794,0.0000,75.49,0.00,143.24,67.75,
26.552,4,PAUSE,1.844,0.0000,75.49,0.00,143.24,67.75,
26.602,4,PAUSE,1.894,0.0000,75.49,0.00,143.24,67.75,
26.652,4,PAUSE,1.944,0.0000,75.49,0.00,143.24,67.75,
26.702,4,PAUSE,1.994,0.0000,75.51,0.00,143.24,67.73,
26.755,4,SPIN,0.001,0.0000,0.00,0.00,0.00,0.00,
26.802,4,SPIN,0.048,1.0000,-0.00,0.00,0.00,0.00,
26.853,4,SPIN,0.099,1.0000,0.01,0.00,2.88,2.87,
26.903,4,SPIN,0.149,1.0000,0.01,0.00,5.74,5.73,
26.954,4,SPIN,0.200,1.0000,0.18,0.00,8.69,8.51,
27.002,4,SPIN,0.248,1.0000,0.19,0.00,11.46,11.27,
27.053,4,SPIN,0.299,1.0000,0.18,0.00,14.36,14.18,
27.102,4,SPIN,0.348,1.0000,0.19,0.00,17.19,16.99,
27.152,4,SPIN,0.398,1.0000,0.18,0.00,20.06,19.88,
27.202,4,SPIN,0.448,1.0000,0.18,0.00,22.92,22.73,
27.252,4,SPIN,0.498,1.0000,0.18,0.00,25.79,25.61,
27.302,4,SPIN,0.548,1.0000,0.31,0.00,28.66,28.35,
27.352,4,SPIN,0.598,1.0000,0.43,0.00,31.52,31.09,
27.403,4,SPIN,0.649,1.0000,0.47,0.00,34.40,33.93,
27.452,4,SPIN,0.698,1.0000,0.56,0.00,37.25,36.69,
27.502,4,SPIN,0.748,1.0000,0.69,0.00,40.11,39.42,
27.552,4,SPIN,0.798,1.0000,0.69,0.00,42.98,42.29,
27.602,4,SPIN,0.848,1.0000,0.69,0.00,45.85,45.16,
27.652,4,SPIN,0.898,1.0000,0.78,0.00,48.71,47.93,
27.702,4,SPIN,0.948,1.0000,9.23,0.00,51.57,42.34,
27.752,4,SPIN,0.998,1.0000,16.80,0.00,54.43,37.63,
27.804,4,SPIN,1.050,1.0000,20.58,0.00,57.40,36.82,
27.853,4,SPIN,1.099,1.0000,23.20,0.00,60.18,36.98,
27.902,4,SPIN,1.148,1.0000,25.26,0.00,63.03,37.77,
27.953,4,SPIN,1.199,1.0000,28.11,0.00,65.96,37.84,
28.002,4,SPIN,1.248,1.0000,29.93,0.00,68.76,38.83,
28.052,4,SPIN,1.298,1.0000,31.40,0.00,71.62,40.22,
28.103,4,SPIN,1.349,1.0000,33.16,0.00,74.51,41.35,
28.154,4,SPIN,1.400,1.0000,34.78,0.00,77.43,42.66,
28.204,4,SPIN,1.450,1.0000,36.56,0.00,80.30,43.74,
28.252,4,SPIN,1.498,1.0000,37.83,0.00,83.08,45.25,
28.302,4,SPIN,1.548,1.0000,38.73,0.00,85.95,47.22,
28.352,4,SPIN,1.598,1.0000,39.27,0.00,88.81,49.54,
28.402,4,SPIN,1.648,1.0000,40.07,0.00,91.67,51.60,
28.452,4,SPIN,1.698,1.0000,40.28,0.00,94.54,54.26,
28.502,4,SPIN,1.748,1.0000,40.74,0.00,97.40,56.66,
28.552,4,SPIN,1.798,1.0000,41.45,0.00,100.27,58.82,
28.602,4,SPIN,1.848,1.0000,42.28,0.00,103.14,60.86,
28.653,4,SPIN,1.899,1.0000,43.82,0.00,106.03,62.21,
28.702,4,SPIN,1.948,1.0000,45.49,0.00,108.86,63.37,
28.753,4,SPIN,1.998,1.0000,46.72,0.00,111.74,65.02,
28.803,4,SPIN,2.049,1.0000,48.79,0.00,114.65,65.86,
28.854,4,SPIN,2.100,1.0000,49.10,0.00,117.56,68.46,
28.903,4,SPIN,2.148,1.0000,49.18,0.00,120.33,71.14,
28.952,4,SPIN,2.198,1.0000,49.37,0.00,123.19,73.82,
29.002,4,SPIN,2.248,1.0000,49.44,0.00,126.06,76.62,
29.052,4,SPIN,2.298,1.0000,49.45,0.00,128.92,79.47,
29.103,4,SPIN,2.348,1.0000,49.45,0.00,131.79,82.34,
29.152,4,SPIN,2.398,1.0000,49.47,0.00,134.64,85.17,
29.202,4,SPIN,2.448,1.0000,49.48,0.00,137.51,88.04,
29.254,4,SPIN,2.500,1.0000,49.48,0.00,140.46,90.98,
29.305,4,SPIN,2.551,0.0000,49.57,0.00,143.25,93.68,FIN_SPIN_rep4
29.306,4,COAST,0.001,0.0000,49.57,0.00,143.25,93.68,
29.354,4,COAST,0.049,0.0000,49.69,0.00,143.25,93.56,
29.404,4,COAST,0.099,0.0000,50.02,0.00,143.25,93.23,
29.452,4,COAST,0.147,0.0000,50.03,0.00,143.25,93.22,
29.502,4,COAST,0.197,0.0000,50.00,0.00,143.25,93.25,
29.552,4,COAST,0.247,0.0000,50.03,0.00,143.25,93.22,
29.602,4,COAST,0.297,0.0000,50.03,0.00,143.25,93.22,
29.652,4,COAST,0.347,0.0000,50.02,0.00,143.25,93.22,
29.703,4,COAST,0.398,0.0000,50.02,0.00,143.25,93.23,
29.752,4,COAST,0.447,0.0000,50.03,0.00,143.25,93.22,
29.802,4,COAST,0.497,0.0000,50.02,0.00,143.25,93.23,
29.852,4,COAST,0.547,0.0000,50.02,0.00,143.25,93.23,
29.902,4,COAST,0.597,0.0000,50.02,0.00,143.25,93.23,
29.952,4,COAST,0.647,0.0000,50.02,0.00,143.25,93.23,
30.002,4,COAST,0.697,0.0000,50.02,0.00,143.25,93.23,
30.053,4,COAST,0.748,0.0000,50.02,0.00,143.25,93.23,
30.102,4,COAST,0.797,0.0000,50.02,0.00,143.25,93.23,
30.152,4,COAST,0.847,0.0000,50.01,0.00,143.25,93.24,
30.202,4,COAST,0.897,0.0000,50.01,0.00,143.25,93.24,
30.252,4,COAST,0.947,0.0000,50.01,0.00,143.25,93.24,
30.302,4,COAST,0.997,0.0000,50.01,0.00,143.25,93.24,
30.352,4,COAST,1.047,0.0000,50.03,0.00,143.25,93.22,
30.402,4,COAST,1.097,0.0000,50.03,0.00,143.25,93.22,
30.452,4,COAST,1.147,0.0000,50.03,0.00,143.25,93.22,
30.502,4,COAST,1.197,0.0000,50.02,0.00,143.25,93.22,
30.552,4,COAST,1.247,0.0000,50.02,0.00,143.25,93.22,
30.602,4,COAST,1.297,0.0000,50.02,0.00,143.25,93.22,
30.653,4,COAST,1.348,0.0000,50.02,0.00,143.25,93.22,
30.704,4,COAST,1.398,0.0000,50.02,0.00,143.25,93.23,
30.752,4,COAST,1.447,0.0000,50.00,0.00,143.25,93.24,
30.802,4,COAST,1.497,0.0000,50.00,0.00,143.25,93.24,
30.853,4,COAST,1.548,0.0000,50.03,0.00,143.25,93.22,
30.903,4,COAST,1.597,0.0000,50.03,0.00,143.25,93.22,
30.952,4,COAST,1.647,0.0000,50.03,0.00,143.25,93.22,
31.002,4,COAST,1.697,0.0000,50.03,0.00,143.25,93.22,
31.052,4,COAST,1.747,0.0000,50.02,0.00,143.25,93.23,
31.102,4,COAST,1.797,0.0000,50.02,0.00,143.25,93.23,
31.153,4,COAST,1.847,0.0000,50.02,0.00,143.25,93.23,
31.202,4,COAST,1.897,0.0000,50.02,0.00,143.25,93.23,
31.254,4,COAST,1.949,0.0000,50.02,0.00,143.25,93.23,
31.302,4,COAST,1.997,0.0000,50.04,0.00,143.25,93.21,
31.356,4,COAST,2.051,0.0000,50.04,0.00,143.25,93.21,FIN_COAST_rep4
31.359,5,PAUSE,0.001,0.0000,50.04,0.00,143.25,93.21,
31.402,5,PAUSE,0.044,0.0000,50.04,0.00,143.25,93.21,
31.452,5,PAUSE,0.094,0.0000,50.04,0.00,143.25,93.21,
31.502,5,PAUSE,0.144,0.0000,50.04,0.00,143.25,93.21,
31.552,5,PAUSE,0.194,0.0000,50.04,0.00,143.25,93.21,
31.605,5,PAUSE,0.246,0.0000,50.04,0.00,143.25,93.21,
31.652,5,PAUSE,0.293,0.0000,50.04,0.00,143.25,93.21,
31.702,5,PAUSE,0.344,0.0000,50.04,0.00,143.25,93.21,
31.752,5,PAUSE,0.394,0.0000,50.02,0.00,143.25,93.23,
31.802,5,PAUSE,0.444,0.0000,50.02,0.00,143.25,93.23,
31.852,5,PAUSE,0.494,0.0000,50.03,0.00,143.25,93.22,
31.902,5,PAUSE,0.544,0.0000,50.03,0.00,143.25,93.22,
31.952,5,PAUSE,0.594,0.0000,50.03,0.00,143.25,93.22,
32.002,5,PAUSE,0.644,0.0000,50.03,0.00,143.25,93.22,
32.054,5,PAUSE,0.695,0.0000,50.03,0.00,143.25,93.22,
32.102,5,PAUSE,0.744,0.0000,50.03,0.00,143.25,93.22,
32.152,5,PAUSE,0.794,0.0000,50.03,0.00,143.25,93.22,
32.202,5,PAUSE,0.844,0.0000,50.03,0.00,143.25,93.22,
32.252,5,PAUSE,0.893,0.0000,50.03,0.00,143.25,93.22,
32.302,5,PAUSE,0.944,0.0000,50.03,0.00,143.25,93.22,
32.352,5,PAUSE,0.993,0.0000,50.04,0.00,143.25,93.21,
32.402,5,PAUSE,1.044,0.0000,50.04,0.00,143.25,93.21,
32.452,5,PAUSE,1.094,0.0000,50.04,0.00,143.25,93.21,
32.502,5,PAUSE,1.144,0.0000,50.04,0.00,143.25,93.21,
32.552,5,PAUSE,1.194,0.0000,50.02,0.00,143.25,93.23,
32.605,5,PAUSE,1.246,0.0000,50.02,0.00,143.25,93.23,
32.652,5,PAUSE,1.294,0.0000,50.02,0.00,143.25,93.23,
32.702,5,PAUSE,1.344,0.0000,50.02,0.00,143.25,93.23,
32.753,5,PAUSE,1.394,0.0000,50.03,0.00,143.25,93.22,
32.802,5,PAUSE,1.444,0.0000,50.02,0.00,143.25,93.22,
32.852,5,PAUSE,1.494,0.0000,50.02,0.00,143.25,93.22,
32.902,5,PAUSE,1.544,0.0000,50.02,0.00,143.25,93.22,
32.952,5,PAUSE,1.594,0.0000,50.02,0.00,143.25,93.22,
33.004,5,PAUSE,1.645,0.0000,50.04,0.00,143.25,93.21,
33.053,5,PAUSE,1.694,0.0000,50.01,0.00,143.25,93.24,
33.102,5,PAUSE,1.744,0.0000,50.01,0.00,143.25,93.24,
33.153,5,PAUSE,1.794,0.0000,50.01,0.00,143.25,93.24,
33.202,5,PAUSE,1.844,0.0000,50.01,0.00,143.25,93.24,
33.252,5,PAUSE,1.894,0.0000,50.04,0.00,143.25,93.21,
33.303,5,PAUSE,1.944,0.0000,50.04,0.00,143.25,93.21,
33.352,5,PAUSE,1.994,0.0000,50.04,0.00,143.25,93.21,
33.406,5,SPIN,0.001,0.0000,0.00,0.00,0.00,0.00,
33.453,5,SPIN,0.049,1.0000,-0.00,0.00,0.00,0.00,
33.502,5,SPIN,0.098,1.0000,-0.01,0.00,2.81,2.82,
33.552,5,SPIN,0.148,1.0000,-0.01,0.00,5.67,5.67,
33.602,5,SPIN,0.198,1.0000,-0.01,0.00,8.54,8.54,
33.652,5,SPIN,0.248,1.0000,-0.01,0.00,11.41,11.42,
33.702,5,SPIN,0.298,1.0000,0.06,0.00,14.27,14.21,
33.752,5,SPIN,0.348,1.0000,0.06,0.00,17.13,17.06,
33.802,5,SPIN,0.398,1.0000,0.06,0.00,19.99,19.93,
33.852,5,SPIN,0.448,1.0000,0.06,0.00,22.86,22.80,
33.903,5,SPIN,0.498,1.0000,0.07,0.00,25.74,25.68,
33.952,5,SPIN,0.548,1.0000,0.10,0.00,28.58,28.49,
34.002,5,SPIN,0.598,1.0000,0.10,0.00,31.45,31.35,
34.052,5,SPIN,0.648,1.0000,0.10,0.00,34.31,34.22,
34.102,5,SPIN,0.698,1.0000,0.10,0.00,37.18,37.09,
34.153,5,SPIN,0.749,1.0000,0.14,0.00,40.12,39.97,
34.202,5,SPIN,0.798,1.0000,0.19,0.00,42.91,42.72,
34.252,5,SPIN,0.848,1.0000,0.19,0.00,45.78,45.59,
34.304,5,SPIN,0.899,1.0000,0.20,0.00,48.73,48.53,
34.352,5,SPIN,0.948,1.0000,0.52,0.00,51.51,50.99,
34.402,5,SPIN,0.998,1.0000,0.60,0.00,54.37,53.77,
34.452,5,SPIN,1.048,1.0000,0.79,0.00,57.25,56.46,
34.503,5,SPIN,1.098,1.0000,1.48,0.00,60.14,58.65,
34.552,5,SPIN,1.148,1.0000,1.48,0.00,62.97,61.49,
34.602,5,SPIN,1.198,1.0000,1.48,0.00,65.84,64.36,
34.653,5,SPIN,1.249,1.0000,4.67,0.00,68.76,64.09,
34.702,5,SPIN,1.298,1.0000,6.86,0.00,71.56,64.70,
34.753,5,SPIN,1.349,1.0000,9.44,0.00,74.48,65.04,
34.802,5,SPIN,1.398,1.0000,13.03,0.00,77.29,64.26,
34.852,5,SPIN,1.448,1.0000,13.45,0.00,80.16,66.70,
34.902,5,SPIN,1.498,1.0000,13.45,0.00,83.02,69.57,
34.952,5,SPIN,1.548,1.0000,13.45,0.00,85.88,72.43,
35.002,5,SPIN,1.598,1.0000,90.93,0.00,88.76,-2.17,
35.054,5,SPIN,1.649,1.0000,94.38,0.00,91.69,-2.68,
35.102,5,SPIN,1.698,1.0000,98.59,0.00,94.48,-4.11,
35.152,5,SPIN,1.748,1.0000,101.50,0.00,97.34,-4.16,
35.202,5,SPIN,1.798,1.0000,102.80,0.00,100.21,-2.59,
35.252,5,SPIN,1.848,1.0000,102.80,0.00,103.07,0.28,
35.302,5,SPIN,1.898,1.0000,102.80,0.00,105.94,3.14,
35.352,5,SPIN,1.948,1.0000,-48.29,0.00,108.80,157.09,
35.403,5,SPIN,1.998,1.0000,-43.91,0.00,111.68,155.59,
35.452,5,SPIN,2.048,1.0000,-41.91,0.00,114.54,156.45,
35.504,5,SPIN,2.099,1.0000,-39.53,0.00,117.47,157.00,
35.552,5,SPIN,2.148,1.0000,-39.53,0.00,120.26,159.79,
35.602,5,SPIN,2.198,1.0000,-39.53,0.00,123.13,162.67,
35.652,5,SPIN,2.248,1.0000,-39.53,0.00,126.00,165.53,
35.702,5,SPIN,2.297,1.0000,-31.36,0.00,128.85,160.20,
35.752,5,SPIN,2.348,1.0000,-28.82,0.00,131.72,160.54,
35.803,5,SPIN,2.399,1.0000,-27.01,0.00,134.64,161.65,
35.852,5,SPIN,2.448,1.0000,-26.53,0.00,137.45,163.98,
35.902,5,SPIN,2.497,1.0000,-26.41,0.00,140.30,166.71,
35.955,5,SPIN,2.551,0.0000,-26.41,0.00,143.19,169.60,FIN_SPIN_rep5
35.957,5,COAST,0.001,0.0000,-26.41,0.00,143.19,169.60,
36.002,5,COAST,0.047,0.0000,-26.41,0.00,143.19,169.60,
36.055,5,COAST,0.099,0.0000,-22.84,0.00,143.19,166.03,
36.102,5,COAST,0.147,0.0000,-22.84,0.00,143.19,166.04,
36.152,5,COAST,0.197,0.0000,-22.85,0.00,143.19,166.05,
36.204,5,COAST,0.248,0.0000,-22.86,0.00,143.19,166.05,
36.252,5,COAST,0.297,0.0000,-22.86,0.00,143.19,166.06,
36.302,5,COAST,0.347,0.0000,-22.86,0.00,143.19,166.06,
36.353,5,COAST,0.397,0.0000,-22.86,0.00,143.19,166.06,
36.403,5,COAST,0.447,0.0000,-22.85,0.00,143.19,166.05,
36.452,5,COAST,0.497,0.0000,-22.87,0.00,143.19,166.06,
36.502,5,COAST,0.547,0.0000,-22.86,0.00,143.19,166.05,
36.552,5,COAST,0.597,0.0000,-22.86,0.00,143.19,166.05,
36.603,5,COAST,0.647,0.0000,-22.88,0.00,143.19,166.07,
36.652,5,COAST,0.697,0.0000,-22.86,0.00,143.19,166.05,
36.702,5,COAST,0.746,0.0000,-22.85,0.00,143.19,166.04,
36.752,5,COAST,0.797,0.0000,-22.85,0.00,143.19,166.04,
36.804,5,COAST,0.848,0.0000,-22.84,0.00,143.19,166.03,
36.852,5,COAST,0.897,0.0000,-22.85,0.00,143.19,166.05,
36.902,5,COAST,0.947,0.0000,-22.85,0.00,143.19,166.05,
36.952,5,COAST,0.997,0.0000,-22.85,0.00,143.19,166.05,
37.003,5,COAST,1.047,0.0000,-22.85,0.00,143.19,166.05,
37.052,5,COAST,1.096,0.0000,-22.84,0.00,143.19,166.04,
37.102,5,COAST,1.146,0.0000,-22.83,0.00,143.19,166.02,
37.152,5,COAST,1.197,0.0000,-22.86,0.00,143.19,166.05,
37.202,5,COAST,1.247,0.0000,-22.84,0.00,143.19,166.03,
37.252,5,COAST,1.296,0.0000,-22.84,0.00,143.19,166.03,
37.302,5,COAST,1.346,0.0000,-22.84,0.00,143.19,166.03,
37.353,5,COAST,1.398,0.0000,-22.85,0.00,143.19,166.04,
37.402,5,COAST,1.446,0.0000,-22.85,0.00,143.19,166.05,
37.452,5,COAST,1.497,0.0000,-22.86,0.00,143.19,166.05,
37.503,5,COAST,1.547,0.0000,-22.86,0.00,143.19,166.06,
37.552,5,COAST,1.597,0.0000,-22.85,0.00,143.19,166.04,
37.602,5,COAST,1.647,0.0000,-22.85,0.00,143.19,166.04,
37.652,5,COAST,1.697,0.0000,-22.85,0.00,143.19,166.04,
37.702,5,COAST,1.747,0.0000,-22.87,0.00,143.19,166.06,
37.752,5,COAST,1.796,0.0000,-22.88,0.00,143.19,166.07,
37.803,5,COAST,1.847,0.0000,-22.88,0.00,143.19,166.07,
37.852,5,COAST,1.897,0.0000,-22.89,0.00,143.19,166.09,
37.902,5,COAST,1.947,0.0000,-22.86,0.00,143.19,166.06,
37.952,5,COAST,1.997,0.0000,-22.86,0.00,143.19,166.06,
38.005,5,COAST,2.049,0.0000,-22.86,0.00,143.19,166.06,FIN_COAST_rep5
38.008,6,PAUSE,0.001,0.0000,-22.86,0.00,143.19,166.06,
38.052,6,PAUSE,0.045,0.0000,-22.88,0.00,143.19,166.07,
38.102,6,PAUSE,0.095,0.0000,-22.88,0.00,143.19,166.07,
38.152,6,PAUSE,0.145,0.0000,-22.88,0.00,143.19,166.08,
38.202,6,PAUSE,0.195,0.0000,-22.88,0.00,143.19,166.07,
38.252,6,PAUSE,0.245,0.0000,-22.87,0.00,143.19,166.06,
38.302,6,PAUSE,0.295,0.0000,-22.87,0.00,143.19,166.06,
38.352,6,PAUSE,0.345,0.0000,-22.87,0.00,143.19,166.06,
38.403,6,PAUSE,0.395,0.0000,-22.90,0.00,143.19,166.10,
38.452,6,PAUSE,0.445,0.0000,-22.88,0.00,143.19,166.07,
38.504,6,PAUSE,0.497,0.0000,-22.88,0.00,143.19,166.07,
38.552,6,PAUSE,0.545,0.0000,-22.87,0.00,143.19,166.07,
38.602,6,PAUSE,0.595,0.0000,-22.87,0.00,143.19,166.06,
38.652,6,PAUSE,0.645,0.0000,-22.87,0.00,143.19,166.06,
38.702,6,PAUSE,0.695,0.0000,-22.87,0.00,143.19,166.06,
38.753,6,PAUSE,0.746,0.0000,-22.90,0.00,143.19,166.09,
38.803,6,PAUSE,0.795,0.0000,-22.88,0.00,143.19,166.07,
38.852,6,PAUSE,0.845,0.0000,-22.87,0.00,143.19,166.06,
38.902,6,PAUSE,0.895,0.0000,-22.88,0.00,143.19,166.08,
38.952,6,PAUSE,0.945,0.0000,-22.90,0.00,143.19,166.09,
39.002,6,PAUSE,0.995,0.0000,-22.90,0.00,143.19,166.09,
39.052,6,PAUSE,1.045,0.0000,-22.90,0.00,143.19,166.09,
39.102,6,PAUSE,1.095,0.0000,-22.89,0.00,143.19,166.08,
39.152,6,PAUSE,1.145,0.0000,-22.88,0.00,143.19,166.08,
39.202,6,PAUSE,1.195,0.0000,-22.87,0.00,143.19,166.06,
39.252,6,PAUSE,1.245,0.0000,-22.88,0.00,143.19,166.08,
39.302,6,PAUSE,1.295,0.0000,-22.87,0.00,143.19,166.06,
39.353,6,PAUSE,1.345,0.0000,-22.87,0.00,143.19,166.06,
39.403,6,PAUSE,1.395,0.0000,-22.87,0.00,143.19,166.06,
39.453,6,PAUSE,1.445,0.0000,-22.87,0.00,143.19,166.07,
39.502,6,PAUSE,1.495,0.0000,-22.88,0.00,143.19,166.08,
39.552,6,PAUSE,1.545,0.0000,-22.89,0.00,143.19,166.09,
39.602,6,PAUSE,1.595,0.0000,-22.88,0.00,143.19,166.08,
39.653,6,PAUSE,1.645,0.0000,-22.88,0.00,143.19,166.07,
39.703,6,PAUSE,1.695,0.0000,-22.88,0.00,143.19,166.07,
39.752,6,PAUSE,1.745,0.0000,-22.88,0.00,143.19,166.07,
39.804,6,PAUSE,1.796,0.0000,-22.88,0.00,143.19,166.07,
39.852,6,PAUSE,1.845,0.0000,-22.87,0.00,143.19,166.07,
39.902,6,PAUSE,1.895,0.0000,-22.87,0.00,143.19,166.07,
39.952,6,PAUSE,1.945,0.0000,-22.87,0.00,143.19,166.06,
40.002,6,PAUSE,1.995,0.0000,-22.86,0.00,143.19,166.05,
40.055,6,SPIN,0.001,0.0000,0.00,0.00,0.00,0.00,
40.103,6,SPIN,0.048,1.0000,0.00,0.00,0.00,0.00,
40.153,6,SPIN,0.098,1.0000,0.02,0.00,2.85,2.83,
40.202,6,SPIN,0.148,1.0000,0.00,0.00,5.70,5.70,
40.252,6,SPIN,0.198,1.0000,0.06,0.00,8.58,8.52,
40.302,6,SPIN,0.248,1.0000,0.03,0.00,11.43,11.40,
40.352,6,SPIN,0.298,1.0000,0.05,0.00,14.30,14.25,
40.402,6,SPIN,0.348,1.0000,0.04,0.00,17.17,17.13,
40.452,6,SPIN,0.398,1.0000,0.04,0.00,20.03,19.99,
40.503,6,SPIN,0.448,1.0000,0.04,0.00,22.92,22.88,
40.554,6,SPIN,0.500,1.0000,0.06,0.00,25.87,25.81,
40.602,6,SPIN,0.548,1.0000,0.04,0.00,28.63,28.59,
40.652,6,SPIN,0.598,1.0000,0.06,0.00,31.49,31.43,
40.703,6,SPIN,0.648,1.0000,0.08,0.00,34.36,34.28,
40.753,6,SPIN,0.698,1.0000,0.07,0.00,37.24,37.17,
40.803,6,SPIN,0.748,1.0000,0.07,0.00,40.10,40.02,
40.853,6,SPIN,0.799,1.0000,0.07,0.00,43.01,42.94,
40.902,6,SPIN,0.848,1.0000,0.18,0.00,45.82,45.65,
40.953,6,SPIN,0.899,1.0000,0.21,0.00,48.69,48.48,
41.002,6,SPIN,0.948,1.0000,0.22,0.00,51.54,51.32,
41.054,6,SPIN,1.000,1.0000,0.26,0.00,54.48,54.22,
41.103,6,SPIN,1.048,1.0000,0.28,0.00,57.28,57.01,
41.152,6,SPIN,1.098,1.0000,0.28,0.00,60.14,59.87,
41.203,6,SPIN,1.148,1.0000,0.28,0.00,63.01,62.74,
41.252,6,SPIN,1.198,1.0000,0.26,0.00,65.85,65.58,
41.302,6,SPIN,1.248,1.0000,0.44,0.00,68.73,68.29,
41.354,6,SPIN,1.300,1.0000,0.63,0.00,71.70,71.07,
41.402,6,SPIN,1.348,1.0000,0.68,0.00,74.46,73.78,
41.452,6,SPIN,1.398,1.0000,0.69,0.00,77.33,76.65,
41.502,6,SPIN,1.448,1.0000,0.69,0.00,80.19,79.51,
41.554,6,SPIN,1.500,1.0000,0.71,0.00,83.14,82.42,
41.603,6,SPIN,1.549,1.0000,0.72,0.00,85.95,85.23,
41.652,6,SPIN,1.598,1.0000,0.72,0.00,88.78,88.06,
41.702,6,SPIN,1.648,1.0000,0.77,0.00,91.65,90.89,
41.752,6,SPIN,1.698,1.0000,0.84,0.00,94.51,93.68,
41.802,6,SPIN,1.748,1.0000,0.84,0.00,97.38,96.54,
41.852,6,SPIN,1.798,1.0000,0.84,0.00,100.24,99.40,
41.903,6,SPIN,1.849,1.0000,0.95,0.00,103.17,102.22,
41.952,6,SPIN,1.898,1.0000,1.39,0.00,105.97,104.58,
42.003,6,SPIN,1.949,1.0000,1.46,0.00,108.90,107.44,
42.052,6,SPIN,1.998,1.0000,1.49,0.00,111.70,110.21,
42.102,6,SPIN,2.048,1.0000,1.56,0.00,114.57,113.01,
42.152,6,SPIN,2.098,1.0000,1.56,0.00,117.44,115.87,
42.202,6,SPIN,2.148,1.0000,1.56,0.00,120.30,118.73,
42.252,6,SPIN,2.198,1.0000,1.56,0.00,123.15,121.59,
42.302,6,SPIN,2.248,1.0000,1.86,0.00,126.01,124.15,
42.352,6,SPIN,2.298,1.0000,2.10,0.00,128.90,126.80,
42.402,6,SPIN,2.348,1.0000,2.43,0.00,131.74,129.32,
42.453,6,SPIN,2.398,1.0000,2.91,0.00,134.63,131.73,
42.503,6,SPIN,2.449,1.0000,2.91,0.00,137.51,134.59,
42.553,6,SPIN,2.498,1.0000,3.22,0.00,140.37,137.15,
42.605,6,SPIN,2.550,0.0000,3.02,0.00,143.21,140.19,FIN_SPIN_rep6
42.606,6,COAST,0.001,0.0000,3.02,0.00,143.21,140.19,
42.652,6,COAST,0.047,0.0000,3.08,0.00,143.21,140.13,
42.702,6,COAST,0.097,0.0000,2.95,0.00,143.21,140.26,
42.752,6,COAST,0.147,0.0000,2.90,0.00,143.21,140.32,
42.802,6,COAST,0.197,0.0000,3.00,0.00,143.21,140.21,
42.852,6,COAST,0.247,0.0000,3.01,0.00,143.21,140.21,
42.902,6,COAST,0.297,0.0000,3.00,0.00,143.21,140.21,
42.952,6,COAST,0.348,0.0000,2.97,0.00,143.21,140.25,
43.002,6,COAST,0.397,0.0000,2.94,0.00,143.21,140.27,
43.052,6,COAST,0.447,0.0000,2.97,0.00,143.21,140.24,
43.102,6,COAST,0.497,0.0000,2.98,0.00,143.21,140.24,
43.152,6,COAST,0.546,0.0000,2.97,0.00,143.21,140.25,
43.202,6,COAST,0.596,0.0000,3.02,0.00,143.21,140.19,
43.252,6,COAST,0.647,0.0000,3.00,0.00,143.21,140.21,
43.302,6,COAST,0.697,0.0000,3.01,0.00,143.21,140.20,
43.352,6,COAST,0.747,0.0000,2.93,0.00,143.21,140.29,
43.402,6,COAST,0.797,0.0000,3.01,0.00,143.21,140.21,
43.452,6,COAST,0.847,0.0000,3.02,0.00,143.21,140.20,
43.502,6,COAST,0.896,0.0000,2.93,0.00,143.21,140.29,
43.552,6,COAST,0.947,0.0000,2.89,0.00,143.21,140.32,
43.602,6,COAST,0.997,0.0000,2.95,0.00,143.21,140.27,
43.652,6,COAST,1.047,0.0000,2.91,0.00,143.21,140.30,
43.702,6,COAST,1.097,0.0000,2.89,0.00,143.21,140.33,
43.752,6,COAST,1.147,0.0000,2.84,0.00,143.21,140.37,
43.802,6,COAST,1.197,0.0000,2.90,0.00,143.21,140.32,
43.852,6,COAST,1.247,0.0000,2.84,0.00,143.21,140.37,
43.902,6,COAST,1.297,0.0000,2.90,0.00,143.21,140.31,
43.953,6,COAST,1.348,0.0000,2.96,0.00,143.21,140.26,
44.002,6,COAST,1.397,0.0000,2.99,0.00,143.21,140.22,
44.052,6,COAST,1.447,0.0000,2.87,0.00,143.21,140.35,
44.102,6,COAST,1.497,0.0000,2.96,0.00,143.21,140.26,
44.152,6,COAST,1.547,0.0000,2.99,0.00,143.21,140.22,
44.204,6,COAST,1.599,0.0000,3.00,0.00,143.21,140.21,
44.253,6,COAST,1.648,0.0000,2.99,0.00,143.21,140.22,
44.302,6,COAST,1.697,0.0000,2.90,0.00,143.21,140.31,
44.352,6,COAST,1.747,0.0000,2.89,0.00,143.21,140.33,
44.404,6,COAST,1.799,0.0000,3.02,0.00,143.21,140.20,
44.452,6,COAST,1.847,0.0000,2.99,0.00,143.21,140.23,
44.503,6,COAST,1.898,0.0000,2.99,0.00,143.21,140.22,
44.553,6,COAST,1.948,0.0000,2.99,0.00,143.21,140.22,
44.602,6,COAST,1.997,0.0000,2.90,0.00,143.21,140.32,
44.655,6,COAST,2.049,0.0000,2.92,0.00,143.21,140.29,FIN_COAST_rep6
44.658,7,PAUSE,0.001,0.0000,2.92,0.00,143.21,140.29,
44.702,7,PAUSE,0.045,0.0000,2.94,0.00,143.21,140.27,
44.753,7,PAUSE,0.095,0.0000,2.97,0.00,143.21,140.25,
44.802,7,PAUSE,0.145,0.0000,2.88,0.00,143.21,140.34,
44.854,7,PAUSE,0.197,0.0000,2.88,0.00,143.21,140.34,
44.902,7,PAUSE,0.245,0.0000,2.88,0.00,143.21,140.34,
44.953,7,PAUSE,0.296,0.0000,2.86,0.00,143.21,140.36,
45.003,7,PAUSE,0.345,0.0000,2.92,0.00,143.21,140.30,
45.052,7,PAUSE,0.395,0.0000,2.92,0.00,143.21,140.30,
45.102,7,PAUSE,0.445,0.0000,2.93,0.00,143.21,140.29,
45.152,7,PAUSE,0.495,0.0000,2.92,0.00,143.21,140.30,
45.202,7,PAUSE,0.545,0.0000,2.92,0.00,143.21,140.30,
45.252,7,PAUSE,0.595,0.0000,2.92,0.00,143.21,140.30,
45.302,7,PAUSE,0.645,0.0000,2.92,0.00,143.21,140.30,
45.352,7,PAUSE,0.695,0.0000,2.92,0.00,143.21,140.30,
45.402,7,PAUSE,0.745,0.0000,2.92,0.00,143.21,140.30,
45.453,7,PAUSE,0.796,0.0000,2.92,0.00,143.21,140.30,
45.502,7,PAUSE,0.845,0.0000,2.92,0.00,143.21,140.30,
45.552,7,PAUSE,0.895,0.0000,2.92,0.00,143.21,140.30,
45.602,7,PAUSE,0.945,0.0000,2.92,0.00,143.21,140.30,
45.652,7,PAUSE,0.995,0.0000,2.92,0.00,143.21,140.30,
45.702,7,PAUSE,1.045,0.0000,2.92,0.00,143.21,140.30,
45.752,7,PAUSE,1.095,0.0000,2.92,0.00,143.21,140.30,
45.802,7,PAUSE,1.145,0.0000,2.92,0.00,143.21,140.30,
45.852,7,PAUSE,1.195,0.0000,2.92,0.00,143.21,140.30,
45.902,7,PAUSE,1.245,0.0000,2.92,0.00,143.21,140.30,
45.952,7,PAUSE,1.295,0.0000,2.92,0.00,143.21,140.30,
46.002,7,PAUSE,1.345,0.0000,2.92,0.00,143.21,140.30,
46.053,7,PAUSE,1.396,0.0000,2.92,0.00,143.21,140.30,
46.103,7,PAUSE,1.445,0.0000,2.97,0.00,143.21,140.25,
46.153,7,PAUSE,1.495,0.0000,2.97,0.00,143.21,140.25,
46.203,7,PAUSE,1.545,0.0000,2.97,0.00,143.21,140.25,
46.252,7,PAUSE,1.595,0.0000,2.97,0.00,143.21,140.25,
46.304,7,PAUSE,1.646,0.0000,2.91,0.00,143.21,140.30,
46.353,7,PAUSE,1.695,0.0000,2.82,0.00,143.21,140.39,
46.403,7,PAUSE,1.746,0.0000,2.82,0.00,143.21,140.39,
46.454,7,PAUSE,1.797,0.0000,2.82,0.00,143.21,140.39,
46.502,7,PAUSE,1.845,0.0000,2.82,0.00,143.21,140.39,
46.554,7,PAUSE,1.896,0.0000,2.88,0.00,143.21,140.33,
46.602,7,PAUSE,1.945,0.0000,2.95,0.00,143.21,140.27,
46.652,7,PAUSE,1.995,0.0000,2.95,0.00,143.21,140.27,
46.705,7,SPIN,0.001,0.0000,0.00,0.00,0.00,0.00,
46.753,7,SPIN,0.048,1.0000,0.00,0.00,0.00,0.00,
46.803,7,SPIN,0.099,1.0000,0.04,0.00,2.90,2.87,
46.852,7,SPIN,0.148,1.0000,-0.07,0.00,5.72,5.78,
46.902,7,SPIN,0.198,1.0000,-0.10,0.00,8.58,8.68,
46.952,7,SPIN,0.248,1.0000,0.03,0.00,11.45,11.42,
47.002,7,SPIN,0.298,1.0000,0.03,0.00,14.31,14.29,
47.052,7,SPIN,0.348,1.0000,0.03,0.00,17.18,17.15,
47.103,7,SPIN,0.399,1.0000,0.27,0.00,20.09,19.82,
47.153,7,SPIN,0.448,1.0000,0.27,0.00,22.91,22.64,
47.202,7,SPIN,0.498,1.0000,0.27,0.00,25.78,25.51,
47.252,7,SPIN,0.548,1.0000,0.27,0.00,28.63,28.36,
47.302,7,SPIN,0.597,1.0000,0.27,0.00,31.48,31.21,
47.352,7,SPIN,0.647,1.0000,0.27,0.00,34.34,34.08,
47.402,7,SPIN,0.697,1.0000,0.27,0.00,37.21,36.94,
47.453,7,SPIN,0.748,1.0000,0.27,0.00,40.10,39.84,
47.502,7,SPIN,0.798,1.0000,0.27,0.00,42.96,42.69,
47.552,7,SPIN,0.848,1.0000,0.27,0.00,45.82,45.56,
47.602,7,SPIN,0.898,1.0000,0.27,0.00,48.68,48.42,
47.653,7,SPIN,0.948,1.0000,0.27,0.00,51.56,51.30,
47.702,7,SPIN,0.997,1.0000,0.27,0.00,54.40,54.13,
47.752,7,SPIN,1.048,1.0000,0.27,0.00,57.28,57.02,
47.802,7,SPIN,1.098,1.0000,0.27,0.00,60.15,59.89,
47.853,7,SPIN,1.148,1.0000,0.27,0.00,63.03,62.76,
47.902,7,SPIN,1.198,1.0000,0.27,0.00,65.88,65.61,
47.952,7,SPIN,1.248,1.0000,0.27,0.00,68.74,68.48,
48.002,7,SPIN,1.298,1.0000,0.27,0.00,71.61,71.34,
48.053,7,SPIN,1.348,1.0000,6.83,0.00,74.50,67.66,
48.102,7,SPIN,1.398,1.0000,6.83,0.00,77.33,70.50,
48.152,7,SPIN,1.448,1.0000,6.83,0.00,80.20,73.37,
48.202,7,SPIN,1.498,1.0000,6.83,0.00,83.06,76.23,
48.253,7,SPIN,1.549,1.0000,7.87,0.00,85.97,78.10,
48.302,7,SPIN,1.598,1.0000,18.21,0.00,88.79,70.59,
48.352,7,SPIN,1.648,1.0000,18.21,0.00,91.67,73.46,
48.403,7,SPIN,1.698,1.0000,18.21,0.00,94.53,76.33,
48.453,7,SPIN,1.748,1.0000,18.21,0.00,97.40,79.19,
48.503,7,SPIN,1.798,1.0000,26.21,0.00,100.27,74.06,
48.552,7,SPIN,1.848,1.0000,28.15,0.00,103.12,74.97,
48.602,7,SPIN,1.898,1.0000,28.15,0.00,105.98,77.83,
48.652,7,SPIN,1.948,1.0000,28.15,0.00,108.84,80.69,
48.702,7,SPIN,1.998,1.0000,28.15,0.00,111.72,83.56,
48.752,7,SPIN,2.048,1.0000,32.80,0.00,114.57,81.77,
48.802,7,SPIN,2.098,1.0000,32.75,0.00,117.44,84.69,
48.852,7,SPIN,2.148,1.0000,32.75,0.00,120.31,87.56,
48.902,7,SPIN,2.198,1.0000,32.75,0.00,123.17,90.42,
48.953,7,SPIN,2.249,1.0000,32.83,0.00,126.10,93.27,
49.002,7,SPIN,2.298,1.0000,32.82,0.00,128.91,96.09,
49.052,7,SPIN,2.348,1.0000,32.82,0.00,131.77,98.95,
49.102,7,SPIN,2.398,1.0000,32.82,0.00,134.63,101.81,
49.153,7,SPIN,2.448,1.0000,32.82,0.00,137.50,104.68,
49.204,7,SPIN,2.500,1.0000,33.49,0.00,140.46,106.97,
49.255,7,SPIN,2.550,0.0000,34.01,0.00,143.23,109.21,FIN_SPIN_rep7
49.256,7,COAST,0.001,0.0000,34.01,0.00,143.23,109.21,
49.302,7,COAST,0.047,0.0000,34.16,0.00,143.23,109.06,
49.352,7,COAST,0.097,0.0000,34.16,0.00,143.23,109.06,
49.403,7,COAST,0.148,0.0000,34.16,0.00,143.23,109.06,
49.453,7,COAST,0.198,0.0000,34.36,0.00,143.23,108.87,
49.502,7,COAST,0.247,0.0000,34.33,0.00,143.23,108.90,
49.554,7,COAST,0.299,0.0000,34.34,0.00,143.23,108.89,
49.602,7,COAST,0.347,0.0000,34.34,0.00,143.23,108.89,
49.652,7,COAST,0.397,0.0000,34.33,0.00,143.23,108.89,
49.703,7,COAST,0.448,0.0000,34.33,0.00,143.23,108.89,
49.752,7,COAST,0.497,0.0000,34.33,0.00,143.23,108.89,
49.803,7,COAST,0.548,0.0000,34.33,0.00,143.23,108.90,
49.852,7,COAST,0.597,0.0000,34.34,0.00,143.23,108.89,
49.902,7,COAST,0.647,0.0000,34.32,0.00,143.23,108.90,
49.952,7,COAST,0.697,0.0000,34.32,0.00,143.23,108.90,
50.002,7,COAST,0.747,0.0000,34.34,0.00,143.23,108.89,
50.052,7,COAST,0.797,0.0000,34.34,0.00,143.23,108.89,
50.104,7,COAST,0.849,0.0000,34.34,0.00,143.23,108.89,
50.152,7,COAST,0.897,0.0000,34.30,0.00,143.23,108.93,
50.202,7,COAST,0.947,0.0000,34.33,0.00,143.23,108.89,
50.252,7,COAST,0.997,0.0000,34.33,0.00,143.23,108.89,
50.302,7,COAST,1.047,0.0000,34.32,0.00,143.23,108.90,
50.352,7,COAST,1.097,0.0000,34.32,0.00,143.23,108.90,
50.404,7,COAST,1.149,0.0000,34.33,0.00,143.23,108.89,
50.452,7,COAST,1.197,0.0000,34.32,0.00,143.23,108.91,
50.504,7,COAST,1.249,0.0000,34.32,0.00,143.23,108.91,
50.552,7,COAST,1.297,0.0000,34.32,0.00,143.23,108.90,
50.602,7,COAST,1.347,0.0000,34.33,0.00,143.23,108.89,
50.652,7,COAST,1.397,0.0000,34.33,0.00,143.23,108.89,
50.702,7,COAST,1.447,0.0000,34.33,0.00,143.23,108.89,
50.754,7,COAST,1.499,0.0000,34.32,0.00,143.23,108.90,
50.803,7,COAST,1.549,0.0000,34.33,0.00,143.23,108.90,
50.852,7,COAST,1.597,0.0000,34.32,0.00,143.23,108.90,
50.902,7,COAST,1.647,0.0000,34.33,0.00,143.23,108.89,
50.952,7,COAST,1.697,0.0000,34.34,0.00,143.23,108.89,
51.002,7,COAST,1.747,0.0000,34.34,0.00,143.23,108.89,
51.052,7,COAST,1.797,0.0000,34.34,0.00,143.23,108.89,
51.103,7,COAST,1.848,0.0000,34.33,0.00,143.23,108.89,
51.152,7,COAST,1.897,0.0000,34.31,0.00,143.23,108.92,
51.202,7,COAST,1.947,0.0000,34.32,0.00,143.23,108.91,
51.252,7,COAST,1.997,0.0000,34.34,0.00,143.23,108.88,
51.304,7,COAST,2.049,0.0000,34.34,0.00,143.23,108.89,FIN_COAST_rep7
51.306,8,PAUSE,0.001,0.0000,34.34,0.00,143.23,108.89,
51.352,8,PAUSE,0.047,0.0000,34.34,0.00,143.23,108.89,
51.402,8,PAUSE,0.096,0.0000,34.34,0.00,143.23,108.89,
51.452,8,PAUSE,0.146,0.0000,34.34,0.00,143.23,108.89,
51.502,8,PAUSE,0.196,0.0000,34.34,0.00,143.23,108.88,
51.552,8,PAUSE,0.246,0.0000,34.35,0.00,143.23,108.88,
51.602,8,PAUSE,0.296,0.0000,34.35,0.00,143.23,108.88,
51.652,8,PAUSE,0.346,0.0000,34.35,0.00,143.23,108.88,
51.702,8,PAUSE,0.396,0.0000,34.35,0.00,143.23,108.88,
51.752,8,PAUSE,0.446,0.0000,34.35,0.00,143.23,108.88,
51.802,8,PAUSE,0.496,0.0000,34.34,0.00,143.23,108.89,
51.852,8,PAUSE,0.547,0.0000,34.33,0.00,143.23,108.89,
51.902,8,PAUSE,0.596,0.0000,34.35,0.00,143.23,108.87,
51.952,8,PAUSE,0.646,0.0000,34.35,0.00,143.23,108.88,
52.002,8,PAUSE,0.696,0.0000,34.35,0.00,143.23,108.87,
52.052,8,PAUSE,0.746,0.0000,34.35,0.00,143.23,108.87,
52.102,8,PAUSE,0.796,0.0000,34.35,0.00,143.23,108.87,
52.153,8,PAUSE,0.848,0.0000,34.35,0.00,143.23,108.88,
52.202,8,PAUSE,0.897,0.0000,34.34,0.00,143.23,108.88,
52.252,8,PAUSE,0.946,0.0000,34.36,0.00,143.23,108.86,
52.304,8,PAUSE,0.999,0.0000,34.35,0.00,143.23,108.88,
52.352,8,PAUSE,1.047,0.0000,34.36,0.00,143.23,108.87,
52.402,8,PAUSE,1.097,0.0000,34.36,0.00,143.23,108.87,
52.454,8,PAUSE,1.148,0.0000,34.34,0.00,143.23,108.88,
52.502,8,PAUSE,1.197,0.0000,34.35,0.00,143.23,108.87,
52.552,8,PAUSE,1.247,0.0000,34.35,0.00,143.23,108.87,
52.603,8,PAUSE,1.298,0.0000,34.33,0.00,143.23,108.89,
52.653,8,PAUSE,1.347,0.0000,34.34,0.00,143.23,108.89,
52.703,8,PAUSE,1.397,0.0000,34.34,0.00,143.23,108.89,
52.752,8,PAUSE,1.447,0.0000,34.34,0.00,143.23,108.89,
52.803,8,PAUSE,1.498,0.0000,34.35,0.00,143.23,108.87,
52.853,8,PAUSE,1.548,0.0000,34.34,0.00,143.23,108.89,
52.902,8,PAUSE,1.597,0.0000,34.36,0.00,143.23,108.86,
52.953,8,PAUSE,1.647,0.0000,34.36,0.00,143.23,108.87,
53.002,8,PAUSE,1.697,0.0000,34.37,0.00,143.23,108.86,
53.053,8,PAUSE,1.747,0.0000,34.37,0.00,143.23,108.86,
53.102,8,PAUSE,1.797,0.0000,34.37,0.00,143.23,108.86,
53.153,8,PAUSE,1.847,0.0000,34.35,0.00,143.23,108.87,
53.202,8,PAUSE,1.897,0.0000,34.36,0.00,143.23,108.87,
53.253,8,PAUSE,1.948,0.0000,34.33,0.00,143.23,108.89,
53.304,8,PAUSE,1.998,0.0000,34.36,0.00,143.23,108.87,
53.355,8,SPIN,0.001,0.0000,0.00,0.00,0.00,0.00,
53.402,8,SPIN,0.048,1.0000,0.00,0.00,0.00,0.00,
53.452,8,SPIN,0.098,1.0000,0.00,0.00,2.86,2.86,
53.503,8,SPIN,0.149,1.0000,-0.00,0.00,5.78,5.78,
53.552,8,SPIN,0.198,1.0000,0.09,0.00,8.58,8.49,
53.603,8,SPIN,0.249,1.0000,0.09,0.00,11.51,11.42,
53.652,8,SPIN,0.298,1.0000,0.09,0.00,14.32,14.24,
53.702,8,SPIN,0.348,1.0000,0.09,0.00,17.19,17.09,
53.752,8,SPIN,0.398,1.0000,0.09,0.00,20.05,19.96,
53.802,8,SPIN,0.448,1.0000,0.09,0.00,22.91,22.82,
53.853,8,SPIN,0.499,1.0000,0.36,0.00,25.84,25.47,
53.902,8,SPIN,0.548,1.0000,0.42,0.00,28.64,28.22,
53.952,8,SPIN,0.598,1.0000,0.44,0.00,31.50,31.06,
54.003,8,SPIN,0.648,1.0000,0.46,0.00,34.40,33.94,
54.052,8,SPIN,0.698,1.0000,0.46,0.00,37.24,36.78,
54.102,8,SPIN,0.748,1.0000,0.46,0.00,40.10,39.64,
54.153,8,SPIN,0.799,1.0000,0.52,0.00,43.01,42.48,
54.202,8,SPIN,0.848,1.0000,2.74,0.00,45.83,43.09,
54.253,8,SPIN,0.898,1.0000,4.63,0.00,48.72,44.09,
54.302,8,SPIN,0.948,1.0000,7.15,0.00,51.56,44.41,
54.352,8,SPIN,0.998,1.0000,9.24,0.00,54.43,45.19,
54.402,8,SPIN,1.048,1.0000,9.56,0.00,57.30,47.73,
54.452,8,SPIN,1.098,1.0000,9.56,0.00,60.16,50.60,
54.504,8,SPIN,1.150,1.0000,10.25,0.00,63.11,52.86,
54.553,8,SPIN,1.199,1.0000,18.23,0.00,65.94,47.71,
54.602,8,SPIN,1.248,1.0000,20.46,0.00,68.76,48.30,
54.652,8,SPIN,1.298,1.0000,22.06,0.00,71.62,49.57,
54.702,8,SPIN,1.348,1.0000,24.41,0.00,74.48,50.07,
54.752,8,SPIN,1.398,1.0000,24.41,0.00,77.35,52.94,
54.802,8,SPIN,1.448,1.0000,24.41,0.00,80.22,55.81,
54.853,8,SPIN,1.499,1.0000,27.60,0.00,83.11,55.52,
54.902,8,SPIN,1.548,1.0000,119.61,0.00,85.94,-33.66,
54.953,8,SPIN,1.599,1.0000,121.02,0.00,88.86,-32.16,
55.003,8,SPIN,1.648,1.0000,122.16,0.00,91.69,-30.47,
55.052,8,SPIN,1.698,1.0000,123.16,0.00,94.54,-28.62,
55.102,8,SPIN,1.748,1.0000,123.16,0.00,97.40,-25.75,
55.153,8,SPIN,1.798,1.0000,123.16,0.00,100.28,-22.88,
55.204,8,SPIN,1.850,1.0000,125.12,0.00,103.22,-21.90,
55.252,8,SPIN,1.898,1.0000,129.28,0.00,106.01,-23.27,
55.302,8,SPIN,1.948,1.0000,131.06,0.00,108.85,-22.21,
55.352,8,SPIN,1.998,1.0000,132.35,0.00,111.72,-20.62,
55.402,8,SPIN,2.048,1.0000,133.35,0.00,114.58,-18.77,
55.452,8,SPIN,2.098,1.0000,133.35,0.00,117.46,-15.90,
55.502,8,SPIN,2.148,1.0000,133.35,0.00,120.31,-13.04,
55.553,8,SPIN,2.198,1.0000,135.36,0.00,123.21,-12.15,
55.603,8,SPIN,2.249,1.0000,140.32,0.00,126.08,-14.24,
55.652,8,SPIN,2.298,1.0000,141.54,0.00,128.92,-12.62,
55.702,8,SPIN,2.348,1.0000,144.15,0.00,131.78,-12.37,
55.752,8,SPIN,2.398,1.0000,144.81,0.00,134.64,-10.17,
55.802,8,SPIN,2.448,1.0000,144.81,0.00,137.50,-7.31,
55.852,8,SPIN,2.498,1.0000,144.81,0.00,140.38,-4.43,
55.905,8,SPIN,2.550,0.0000,148.01,0.00,143.23,-4.77,FIN_SPIN_rep8
55.906,8,COAST,0.001,0.0000,148.01,0.00,143.23,-4.77,
55.952,8,COAST,0.047,0.0000,153.35,0.00,143.23,-10.11,
56.004,8,COAST,0.099,0.0000,155.10,0.00,143.23,-11.87,
56.052,8,COAST,0.147,0.0000,155.15,0.00,143.23,-11.91,
56.104,8,COAST,0.199,0.0000,155.03,0.00,143.23,-11.79,
56.152,8,COAST,0.247,0.0000,155.03,0.00,143.23,-11.79,
56.202,8,COAST,0.297,0.0000,155.03,0.00,143.23,-11.79,
56.253,8,COAST,0.348,0.0000,154.97,0.00,143.23,-11.74,
56.302,8,COAST,0.397,0.0000,154.92,0.00,143.23,-11.69,
56.353,8,COAST,0.448,0.0000,154.90,0.00,143.23,-11.67,
56.402,8,COAST,0.497,0.0000,154.94,0.00,143.23,-11.71,
56.452,8,COAST,0.547,0.0000,154.93,0.00,143.23,-11.69,
56.502,8,COAST,0.597,0.0000,154.93,0.00,143.23,-11.69,
56.552,8,COAST,0.647,0.0000,154.93,0.00,143.23,-11.69,
56.602,8,COAST,0.697,0.0000,154.92,0.00,143.23,-11.69,
56.652,8,COAST,0.747,0.0000,154.91,0.00,143.23,-11.67,
56.702,8,COAST,0.797,0.0000,154.93,0.00,143.23,-11.70,
56.753,8,COAST,0.848,0.0000,154.87,0.00,143.23,-11.63,
56.802,8,COAST,0.897,0.0000,154.94,0.00,143.23,-11.71,
56.852,8,COAST,0.947,0.0000,154.94,0.00,143.23,-11.71,
56.902,8,COAST,0.997,0.0000,154.94,0.00,143.23,-11.71,
56.954,8,COAST,1.049,0.0000,154.94,0.00,143.23,-11.70,
57.003,8,COAST,1.098,0.0000,154.91,0.00,143.23,-11.68,
57.052,8,COAST,1.147,0.0000,154.89,0.00,143.23,-11.66,
57.102,8,COAST,1.197,0.0000,154.94,0.00,143.23,-11.70,
57.152,8,COAST,1.247,0.0000,154.95,0.00,143.23,-11.71,
57.202,8,COAST,1.297,0.0000,154.91,0.00,143.23,-11.68,
57.252,8,COAST,1.347,0.0000,154.92,0.00,143.23,-11.68,
57.302,8,COAST,1.397,0.0000,154.92,0.00,143.23,-11.69,
57.352,8,COAST,1.447,0.0000,154.92,0.00,143.23,-11.69,
57.402,8,COAST,1.497,0.0000,154.94,0.00,143.23,-11.71,
57.452,8,COAST,1.547,0.0000,154.94,0.00,143.23,-11.71,
57.502,8,COAST,1.597,0.0000,154.94,0.00,143.23,-11.71,
57.552,8,COAST,1.647,0.0000,154.93,0.00,143.23,-11.69,
57.602,8,COAST,1.697,0.0000,154.93,0.00,143.23,-11.69,
57.652,8,COAST,1.747,0.0000,154.92,0.00,143.23,-11.69,
57.702,8,COAST,1.797,0.0000,154.90,0.00,143.23,-11.67,
57.752,8,COAST,1.847,0.0000,154.93,0.00,143.23,-11.70,
57.802,8,COAST,1.897,0.0000,154.89,0.00,143.23,-11.66,
57.852,8,COAST,1.947,0.0000,154.89,0.00,143.23,-11.66,
57.902,8,COAST,1.997,0.0000,154.90,0.00,143.23,-11.67,
57.956,8,COAST,2.051,0.0000,154.91,0.00,143.23,-11.68,FIN_COAST_rep8
57.959,9,PAUSE,0.001,0.0000,154.91,0.00,143.23,-11.68,
58.003,9,PAUSE,0.044,0.0000,154.94,0.00,143.23,-11.70,
58.053,9,PAUSE,0.094,0.0000,154.93,0.00,143.23,-11.69,
58.102,9,PAUSE,0.144,0.0000,154.93,0.00,143.23,-11.69,
58.152,9,PAUSE,0.194,0.0000,154.91,0.00,143.23,-11.68,
58.204,9,PAUSE,0.245,0.0000,154.94,0.00,143.23,-11.71,
58.252,9,PAUSE,0.294,0.0000,154.88,0.00,143.23,-11.65,
58.302,9,PAUSE,0.344,0.0000,154.94,0.00,143.23,-11.71,
58.353,9,PAUSE,0.394,0.0000,154.87,0.00,143.23,-11.64,
58.402,9,PAUSE,0.444,0.0000,154.92,0.00,143.23,-11.69,
58.453,9,PAUSE,0.494,0.0000,154.89,0.00,143.23,-11.66,
58.502,9,PAUSE,0.544,0.0000,154.95,0.00,143.23,-11.71,
58.552,9,PAUSE,0.594,0.0000,154.89,0.00,143.23,-11.66,
58.602,9,PAUSE,0.644,0.0000,154.92,0.00,143.23,-11.69,
58.652,9,PAUSE,0.694,0.0000,154.95,0.00,143.23,-11.72,
58.702,9,PAUSE,0.744,0.0000,154.91,0.00,143.23,-11.68,
58.752,9,PAUSE,0.794,0.0000,154.92,0.00,143.23,-11.69,
58.804,9,PAUSE,0.845,0.0000,154.92,0.00,143.23,-11.69,
58.852,9,PAUSE,0.894,0.0000,154.88,0.00,143.23,-11.65,
58.902,9,PAUSE,0.944,0.0000,154.92,0.00,143.23,-11.68,
58.954,9,PAUSE,0.995,0.0000,154.89,0.00,143.23,-11.66,
59.002,9,PAUSE,1.044,0.0000,154.90,0.00,143.23,-11.67,
59.052,9,PAUSE,1.094,0.0000,154.91,0.00,143.23,-11.68,
59.102,9,PAUSE,1.144,0.0000,154.93,0.00,143.23,-11.70,
59.152,9,PAUSE,1.194,0.0000,154.90,0.00,143.23,-11.66,
59.202,9,PAUSE,1.244,0.0000,154.95,0.00,143.23,-11.72,
59.253,9,PAUSE,1.294,0.0000,154.89,0.00,143.23,-11.66,
59.302,9,PAUSE,1.344,0.0000,154.91,0.00,143.23,-11.68,
59.353,9,PAUSE,1.394,0.0000,154.90,0.00,143.23,-11.67,
59.404,9,PAUSE,1.445,0.0000,154.91,0.00,143.23,-11.68,
59.452,9,PAUSE,1.494,0.0000,154.85,0.00,143.23,-11.62,
59.503,9,PAUSE,1.544,0.0000,154.93,0.00,143.23,-11.70,
59.553,9,PAUSE,1.595,0.0000,154.89,0.00,143.23,-11.66,
59.603,9,PAUSE,1.644,0.0000,154.91,0.00,143.23,-11.67,
59.654,9,PAUSE,1.695,0.0000,154.92,0.00,143.23,-11.69,
59.702,9,PAUSE,1.744,0.0000,154.91,0.00,143.23,-11.68,
59.752,9,PAUSE,1.794,0.0000,154.89,0.00,143.23,-11.65,
59.802,9,PAUSE,1.844,0.0000,154.90,0.00,143.23,-11.67,
59.852,9,PAUSE,1.894,0.0000,154.90,0.00,143.23,-11.67,
59.902,9,PAUSE,1.944,0.0000,154.90,0.00,143.23,-11.67,
59.952,9,PAUSE,1.993,0.0000,154.91,0.00,143.23,-11.68,
60.004,9,SPIN,0.001,0.0000,0.00,0.00,0.00,0.00,
60.052,9,SPIN,0.049,1.0000,0.00,0.00,0.00,0.00,
60.102,9,SPIN,0.099,1.0000,0.00,0.00,2.85,2.85,
60.152,9,SPIN,0.149,1.0000,0.00,0.00,5.72,5.72,
60.202,9,SPIN,0.199,1.0000,0.00,0.00,8.59,8.58,
60.252,9,SPIN,0.249,1.0000,0.00,0.00,11.46,11.45,
60.302,9,SPIN,0.299,1.0000,0.00,0.00,14.31,14.31,
60.352,9,SPIN,0.349,1.0000,0.00,0.00,17.18,17.18,
60.402,9,SPIN,0.399,1.0000,0.00,0.00,20.04,20.04,
60.452,9,SPIN,0.449,1.0000,0.00,0.00,22.91,22.90,
60.502,9,SPIN,0.499,1.0000,0.00,0.00,25.77,25.77,
60.552,9,SPIN,0.549,1.0000,0.00,0.00,28.64,28.64,
60.602,9,SPIN,0.599,1.0000,0.00,0.00,31.51,31.50,
60.652,9,SPIN,0.649,1.0000,0.00,0.00,34.37,34.36,
60.702,9,SPIN,0.699,1.0000,0.00,0.00,37.23,37.23,
60.752,9,SPIN,0.749,1.0000,0.00,0.00,40.10,40.10,
60.802,9,SPIN,0.799,1.0000,0.00,0.00,42.97,42.97,
60.852,9,SPIN,0.849,1.0000,0.00,0.00,45.84,45.83,
60.902,9,SPIN,0.899,1.0000,0.00,0.00,48.69,48.69,
60.952,9,SPIN,0.949,1.0000,0.00,0.00,51.56,51.55,
61.002,9,SPIN,0.999,1.0000,0.00,0.00,54.43,54.42,
61.052,9,SPIN,1.049,1.0000,10.04,0.00,57.29,47.25,
61.102,9,SPIN,1.099,1.0000,12.33,0.00,60.15,47.82,
61.152,9,SPIN,1.149,1.0000,12.33,0.00,63.03,50.69,
61.202,9,SPIN,1.199,1.0000,12.33,0.00,65.89,53.55,
61.253,9,SPIN,1.250,1.0000,18.42,0.00,68.80,50.38,
61.302,9,SPIN,1.299,1.0000,26.68,0.00,71.62,44.94,
61.352,9,SPIN,1.349,1.0000,26.68,0.00,74.48,47.80,
61.402,9,SPIN,1.399,1.0000,26.68,0.00,77.35,50.67,
61.452,9,SPIN,1.449,1.0000,26.68,0.00,80.22,53.54,
61.502,9,SPIN,1.499,1.0000,36.10,0.00,83.07,46.97,
61.552,9,SPIN,1.549,1.0000,40.39,0.00,85.95,45.56,
61.603,9,SPIN,1.601,1.0000,40.39,0.00,88.82,48.43,
61.652,9,SPIN,1.649,1.0000,40.39,0.00,91.66,51.27,
61.702,9,SPIN,1.700,1.0000,40.39,0.00,94.54,54.15,
61.752,9,SPIN,1.749,1.0000,49.30,0.00,97.39,48.10,
61.802,9,SPIN,1.799,1.0000,49.30,0.00,100.26,50.96,
61.852,9,SPIN,1.849,1.0000,58.05,0.00,103.12,45.07,
61.902,9,SPIN,1.900,1.0000,58.89,0.00,106.00,47.11,
61.952,9,SPIN,1.949,1.0000,58.89,0.00,108.85,49.97,
62.002,9,SPIN,1.999,1.0000,58.89,0.00,111.72,52.83,
62.054,9,SPIN,2.051,1.0000,60.04,0.00,114.70,54.67,
62.102,9,SPIN,2.099,1.0000,66.10,0.00,117.44,51.35,
62.152,9,SPIN,2.149,1.0000,66.10,0.00,120.31,54.21,
62.202,9,SPIN,2.199,1.0000,66.10,0.00,123.18,57.09,
62.252,9,SPIN,2.249,1.0000,66.10,0.00,126.02,59.93,
62.302,9,SPIN,2.299,1.0000,69.77,0.00,128.90,59.13,
62.352,9,SPIN,2.349,1.0000,69.77,0.00,131.78,62.01,
62.402,9,SPIN,2.399,1.0000,69.77,0.00,134.64,64.87,
62.452,9,SPIN,2.449,1.0000,69.77,0.00,137.51,67.74,
62.502,9,SPIN,2.499,1.0000,69.77,0.00,140.37,70.60,
62.554,9,SPIN,2.551,0.0000,78.17,0.00,143.23,65.06,FIN_SPIN_rep9
62.556,9,COAST,0.001,0.0000,78.17,0.00,143.23,65.06,
62.603,9,COAST,0.048,0.0000,78.17,0.00,143.23,65.06,
62.652,9,COAST,0.097,0.0000,78.17,0.00,143.23,65.06,
62.702,9,COAST,0.147,0.0000,78.17,0.00,143.23,65.06,
62.753,9,COAST,0.198,0.0000,80.29,0.00,143.23,62.94,
62.802,9,COAST,0.247,0.0000,80.25,0.00,143.23,62.98,
62.852,9,COAST,0.297,0.0000,80.25,0.00,143.23,62.98,
62.902,9,COAST,0.347,0.0000,80.25,0.00,143.23,62.98,
62.952,9,COAST,0.398,0.0000,80.25,0.00,143.23,62.98,
63.003,9,COAST,0.448,0.0000,80.26,0.00,143.23,62.97,
63.052,9,COAST,0.497,0.0000,80.32,0.00,143.23,62.91,
63.102,9,COAST,0.547,0.0000,80.32,0.00,143.23,62.91,
63.152,9,COAST,0.597,0.0000,80.32,0.00,143.23,62.91,
63.203,9,COAST,0.648,0.0000,80.27,0.00,143.23,62.96,
63.252,9,COAST,0.697,0.0000,80.25,0.00,143.23,62.98,
63.303,9,COAST,0.748,0.0000,80.25,0.00,143.23,62.98,
63.352,9,COAST,0.798,0.0000,80.25,0.00,143.23,62.98,
63.402,9,COAST,0.847,0.0000,80.25,0.00,143.23,62.98,
63.453,9,COAST,0.898,0.0000,80.28,0.00,143.23,62.95,
63.502,9,COAST,0.947,0.0000,80.30,0.00,143.23,62.93,
63.552,9,COAST,0.997,0.0000,80.30,0.00,143.23,62.93,
63.602,9,COAST,1.047,0.0000,80.30,0.00,143.23,62.93,
63.652,9,COAST,1.098,0.0000,80.30,0.00,143.23,62.93,
63.703,9,COAST,1.148,0.0000,80.27,0.00,143.23,62.96,
63.752,9,COAST,1.197,0.0000,80.27,0.00,143.23,62.96,
63.802,9,COAST,1.247,0.0000,80.27,0.00,143.23,62.96,
63.852,9,COAST,1.297,0.0000,80.27,0.00,143.23,62.96,
63.903,9,COAST,1.349,0.0000,80.26,0.00,143.23,62.97,
63.952,9,COAST,1.398,0.0000,80.28,0.00,143.23,62.95,
64.002,9,COAST,1.448,0.0000,80.28,0.00,143.23,62.95,
64.054,9,COAST,1.499,0.0000,80.28,0.00,143.23,62.95,
64.102,9,COAST,1.547,0.0000,80.28,0.00,143.23,62.95,
64.152,9,COAST,1.597,0.0000,80.30,0.00,143.23,62.93,
64.202,9,COAST,1.648,0.0000,80.26,0.00,143.23,62.97,
64.252,9,COAST,1.697,0.0000,80.26,0.00,143.23,62.97,
64.303,9,COAST,1.748,0.0000,80.26,0.00,143.23,62.97,
64.354,9,COAST,1.799,0.0000,80.28,0.00,143.23,62.95,
64.402,9,COAST,1.847,0.0000,80.30,0.00,143.23,62.93,
64.452,9,COAST,1.897,0.0000,80.25,0.00,143.23,62.98,
64.502,9,COAST,1.947,0.0000,80.29,0.00,143.23,62.94,
64.552,9,COAST,1.997,0.0000,80.29,0.00,143.23,62.94,
64.605,9,COAST,2.050,0.0000,80.29,0.00,143.23,62.94,FIN_COAST_rep9
64.608,10,PAUSE,0.001,0.0000,80.29,0.00,143.23,62.94,
64.654,10,PAUSE,0.047,0.0000,80.27,0.00,143.23,62.96,
64.702,10,PAUSE,0.095,0.0000,80.27,0.00,143.23,62.96,
64.752,10,PAUSE,0.145,0.0000,80.24,0.00,143.23,62.99,
64.804,10,PAUSE,0.196,0.0000,80.29,0.00,143.23,62.94,
64.852,10,PAUSE,0.245,0.0000,80.26,0.00,143.23,62.97,
64.902,10,PAUSE,0.295,0.0000,80.26,0.00,143.23,62.97,
64.953,10,PAUSE,0.346,0.0000,80.26,0.00,143.23,62.97,
65.002,10,PAUSE,0.395,0.0000,80.28,0.00,143.23,62.95,
65.052,10,PAUSE,0.445,0.0000,80.25,0.00,143.23,62.98,
65.103,10,PAUSE,0.496,0.0000,80.29,0.00,143.23,62.94,
65.152,10,PAUSE,0.545,0.0000,80.28,0.00,143.23,62.95,
65.202,10,PAUSE,0.595,0.0000,80.28,0.00,143.23,62.95,
65.252,10,PAUSE,0.645,0.0000,80.28,0.00,143.23,62.95,
65.304,10,PAUSE,0.697,0.0000,80.26,0.00,143.23,62.97,
65.352,10,PAUSE,0.745,0.0000,80.28,0.00,143.23,62.95,
65.402,10,PAUSE,0.795,0.0000,80.30,0.00,143.23,62.93,
65.453,10,PAUSE,0.846,0.0000,80.25,0.00,143.23,62.98,
65.502,10,PAUSE,0.895,0.0000,80.28,0.00,143.23,62.95,
65.552,10,PAUSE,0.945,0.0000,80.28,0.00,143.23,62.95,
65.603,10,PAUSE,0.995,0.0000,80.28,0.00,143.23,62.95,
65.655,10,PAUSE,1.047,0.0000,80.27,0.00,143.23,62.96,
65.702,10,PAUSE,1.095,0.0000,80.31,0.00,143.23,62.92,
65.753,10,PAUSE,1.145,0.0000,80.26,0.00,143.23,62.97,
65.805,10,PAUSE,1.198,0.0000,80.27,0.00,143.23,62.96,
65.853,10,PAUSE,1.245,0.0000,80.28,0.00,143.23,62.95,
65.902,10,PAUSE,1.295,0.0000,80.28,0.00,143.23,62.95,
65.953,10,PAUSE,1.345,0.0000,80.28,0.00,143.23,62.95,
66.002,10,PAUSE,1.395,0.0000,80.28,0.00,143.23,62.95,
66.054,10,PAUSE,1.446,0.0000,80.27,0.00,143.23,62.96,
66.102,10,PAUSE,1.495,0.0000,80.28,0.00,143.23,62.95,
66.152,10,PAUSE,1.545,0.0000,80.26,0.00,143.23,62.97,
66.202,10,PAUSE,1.595,0.0000,80.28,0.00,143.23,62.95,
66.252,10,PAUSE,1.645,0.0000,80.28,0.00,143.23,62.95,
66.302,10,PAUSE,1.695,0.0000,80.28,0.00,143.23,62.95,
66.353,10,PAUSE,1.746,0.0000,80.29,0.00,143.23,62.94,
66.402,10,PAUSE,1.795,0.0000,80.28,0.00,143.23,62.95,
66.452,10,PAUSE,1.845,0.0000,80.25,0.00,143.23,62.99,
66.503,10,PAUSE,1.896,0.0000,80.29,0.00,143.23,62.94,
66.552,10,PAUSE,1.945,0.0000,80.26,0.00,143.23,62.97,
66.602,10,PAUSE,1.995,0.0000,80.26,0.00,143.23,62.97,
66.654,10,SPIN,0.001,0.0000,0.00,0.00,0.00,0.00,
66.703,10,SPIN,0.049,1.0000,0.03,0.00,0.00,-0.03,
66.752,10,SPIN,0.099,1.0000,-0.01,0.00,2.84,2.85,
66.804,10,SPIN,0.151,1.0000,0.04,0.00,5.80,5.77,
66.852,10,SPIN,0.199,1.0000,0.10,0.00,8.58,8.48,
66.902,10,SPIN,0.249,1.0000,0.13,0.00,11.45,11.31,
66.953,10,SPIN,0.300,1.0000,0.08,0.00,14.34,14.25,
67.002,10,SPIN,0.349,1.0000,0.15,0.00,17.17,17.03,
67.052,10,SPIN,0.399,1.0000,0.11,0.00,20.04,19.93,
67.104,10,SPIN,0.451,1.0000,0.14,0.00,22.98,22.84,
67.152,10,SPIN,0.499,1.0000,0.15,0.00,25.77,25.62,
67.202,10,SPIN,0.549,1.0000,0.17,0.00,28.64,28.47,
67.252,10,SPIN,0.599,1.0000,0.17,0.00,31.49,31.32,
67.303,10,SPIN,0.649,1.0000,0.18,0.00,34.38,34.20,
67.353,10,SPIN,0.700,1.0000,0.45,0.00,37.28,36.83,
67.403,10,SPIN,0.750,1.0000,0.60,0.00,40.14,39.55,
67.454,10,SPIN,0.801,1.0000,1.46,0.00,43.05,41.59,
67.502,10,SPIN,0.849,1.0000,2.92,0.00,45.82,42.90,
67.552,10,SPIN,0.899,1.0000,3.19,0.00,48.69,45.50,
67.603,10,SPIN,0.950,1.0000,3.19,0.00,51.62,48.43,
67.652,10,SPIN,0.999,1.0000,3.19,0.00,54.42,51.23,
67.703,10,SPIN,1.050,1.0000,14.02,0.00,57.30,43.28,
67.753,10,SPIN,1.100,1.0000,17.69,0.00,60.17,42.48,
67.802,10,SPIN,1.149,1.0000,18.77,0.00,63.01,44.24,
67.852,10,SPIN,1.199,1.0000,18.79,0.00,65.87,47.09,
67.902,10,SPIN,1.249,1.0000,80.06,0.00,68.74,-11.32,
67.952,10,SPIN,1.299,1.0000,80.06,0.00,71.61,-8.45,
68.002,10,SPIN,1.349,1.0000,80.06,0.00,74.47,-5.58,
68.052,10,SPIN,1.399,1.0000,89.94,0.00,77.32,-12.61,
68.102,10,SPIN,1.449,1.0000,-174.21,0.00,80.20,254.41,
68.152,10,SPIN,1.499,1.0000,-171.56,0.00,83.06,254.62,
68.203,10,SPIN,1.550,1.0000,-166.87,0.00,85.95,252.82,
68.252,10,SPIN,1.599,1.0000,-166.14,0.00,88.79,254.93,
68.302,10,SPIN,1.649,1.0000,-166.14,0.00,91.66,257.80,
68.353,10,SPIN,1.700,1.0000,-166.14,0.00,94.59,260.73,
68.403,10,SPIN,1.750,1.0000,-151.39,0.00,97.42,248.81,
68.452,10,SPIN,1.799,1.0000,-148.51,0.00,100.26,248.77,
68.502,10,SPIN,1.849,1.0000,-145.43,0.00,103.13,248.56,
68.552,10,SPIN,1.899,1.0000,-141.92,0.00,105.98,247.90,
68.602,10,SPIN,1.949,1.0000,-141.42,0.00,108.85,250.27,
68.652,10,SPIN,1.999,1.0000,-141.42,0.00,111.72,253.14,
68.702,10,SPIN,2.049,1.0000,-141.42,0.00,114.58,256.00,
68.753,10,SPIN,2.100,1.0000,-133.67,0.00,117.51,251.18,
68.802,10,SPIN,2.149,1.0000,-128.22,0.00,120.31,248.53,
68.852,10,SPIN,2.199,1.0000,-125.87,0.00,123.18,249.05,
68.903,10,SPIN,2.250,1.0000,-123.32,0.00,126.06,249.37,
68.952,10,SPIN,2.299,1.0000,-122.31,0.00,128.90,251.21,
69.002,10,SPIN,2.349,1.0000,-122.31,0.00,131.77,254.08,
69.052,10,SPIN,2.399,1.0000,-122.31,0.00,134.63,256.94,
69.103,10,SPIN,2.450,1.0000,-112.80,0.00,137.55,250.35,
69.152,10,SPIN,2.499,1.0000,-108.93,0.00,140.36,249.29,
69.205,10,SPIN,2.551,0.0000,-106.11,0.00,143.22,249.33,FIN_SPIN_rep10
69.206,10,COAST,0.001,0.0000,-106.11,0.00,143.22,249.33,
69.252,10,COAST,0.047,0.0000,-104.39,0.00,143.22,247.62,
69.302,10,COAST,0.097,0.0000,-103.83,0.00,143.22,247.06,
69.352,10,COAST,0.147,0.0000,-103.83,0.00,143.22,247.06,
69.402,10,COAST,0.197,0.0000,-103.83,0.00,143.22,247.06,
69.452,10,COAST,0.247,0.0000,-103.83,0.00,143.22,247.06,
69.503,10,COAST,0.298,0.0000,-103.87,0.00,143.22,247.09,
69.553,10,COAST,0.347,0.0000,-103.85,0.00,143.22,247.07,
69.602,10,COAST,0.397,0.0000,-103.85,0.00,143.22,247.08,
69.652,10,COAST,0.447,0.0000,-103.85,0.00,143.22,247.08,
69.702,10,COAST,0.497,0.0000,-103.85,0.00,143.22,247.08,
69.754,10,COAST,0.549,0.0000,-103.85,0.00,143.22,247.08,
69.802,10,COAST,0.597,0.0000,-103.88,0.00,143.22,247.11,
69.852,10,COAST,0.647,0.0000,-103.88,0.00,143.22,247.10,
69.902,10,COAST,0.697,0.0000,-103.88,0.00,143.22,247.10,
69.954,10,COAST,0.749,0.0000,-103.88,0.00,143.22,247.10,
70.004,10,COAST,0.799,0.0000,-103.88,0.00,143.22,247.10,
70.052,10,COAST,0.847,0.0000,-103.88,0.00,143.22,247.10,
70.103,10,COAST,0.898,0.0000,-103.89,0.00,143.22,247.11,
70.152,10,COAST,0.947,0.0000,-103.89,0.00,143.22,247.11,
70.203,10,COAST,0.998,0.0000,-103.87,0.00,143.22,247.10,
70.252,10,COAST,1.047,0.0000,-103.85,0.00,143.22,247.08,
70.302,10,COAST,1.097,0.0000,-103.87,0.00,143.22,247.09,
70.352,10,COAST,1.147,0.0000,-103.87,0.00,143.22,247.09,
70.402,10,COAST,1.197,0.0000,-103.87,0.00,143.22,247.09,
70.453,10,COAST,1.248,0.0000,-103.87,0.00,143.22,247.09,
70.502,10,COAST,1.297,0.0000,-103.85,0.00,143.22,247.08,
70.553,10,COAST,1.348,0.0000,-103.85,0.00,143.22,247.07,
70.603,10,COAST,1.398,0.0000,-103.86,0.00,143.22,247.09,
70.654,10,COAST,1.449,0.0000,-103.84,0.00,143.22,247.07,
70.703,10,COAST,1.497,0.0000,-103.83,0.00,143.22,247.05,
70.753,10,COAST,1.547,0.0000,-103.83,0.00,143.22,247.05,
70.802,10,COAST,1.597,0.0000,-103.84,0.00,143.22,247.06,
70.852,10,COAST,1.647,0.0000,-103.85,0.00,143.22,247.08,
70.903,10,COAST,1.698,0.0000,-103.85,0.00,143.22,247.07,
70.952,10,COAST,1.747,0.0000,-103.85,0.00,143.22,247.07,
71.002,10,COAST,1.797,0.0000,-103.86,0.00,143.22,247.08,
71.052,10,COAST,1.847,0.0000,-103.86,0.00,143.22,247.09,
71.102,10,COAST,1.897,0.0000,-103.86,0.00,143.22,247.09,
71.153,10,COAST,1.948,0.0000,-103.86,0.00,143.22,247.09,
71.204,10,COAST,1.999,0.0000,-103.84,0.00,143.22,247.06,
71.255,10,COAST,2.050,0.0000,-103.85,0.00,143.22,247.07,FIN_COAST_rep10
71.259,11,PAUSE,0.001,0.0000,-103.85,0.00,143.22,247.07,
71.304,11,PAUSE,0.046,0.0000,-103.84,0.00,143.22,247.07,
71.352,11,PAUSE,0.094,0.0000,-103.87,0.00,143.22,247.09,
71.402,11,PAUSE,0.144,0.0000,-103.87,0.00,143.22,247.09,
71.452,11,PAUSE,0.194,0.0000,-103.87,0.00,143.22,247.09,
71.504,11,PAUSE,0.246,0.0000,-103.84,0.00,143.22,247.07,
71.552,11,PAUSE,0.294,0.0000,-103.87,0.00,143.22,247.09,
71.602,11,PAUSE,0.344,0.0000,-103.85,0.00,143.22,247.08,
71.652,11,PAUSE,0.394,0.0000,-103.86,0.00,143.22,247.09,
71.702,11,PAUSE,0.444,0.0000,-103.87,0.00,143.22,247.09,
71.753,11,PAUSE,0.495,0.0000,-103.87,0.00,143.22,247.09,
71.803,11,PAUSE,0.545,0.0000,-103.87,0.00,143.22,247.10,
71.854,11,PAUSE,0.596,0.0000,-103.86,0.00,143.22,247.09,
71.903,11,PAUSE,0.645,0.0000,-103.88,0.00,143.22,247.10,
71.953,11,PAUSE,0.695,0.0000,-103.88,0.00,143.22,247.10,
72.002,11,PAUSE,0.744,0.0000,-103.88,0.00,143.22,247.11,
72.052,11,PAUSE,0.794,0.0000,-103.88,0.00,143.22,247.11,
72.102,11,PAUSE,0.845,0.0000,-103.88,0.00,143.22,247.11,
72.154,11,PAUSE,0.896,0.0000,-103.88,0.00,143.22,247.10,
72.202,11,PAUSE,0.944,0.0000,-103.87,0.00,143.22,247.09,
72.252,11,PAUSE,0.994,0.0000,-103.90,0.00,143.22,247.13,
72.302,11,PAUSE,1.044,0.0000,-103.90,0.00,143.22,247.12,
72.352,11,PAUSE,1.094,0.0000,-103.88,0.00,143.22,247.10,
72.402,11,PAUSE,1.144,0.0000,-103.88,0.00,143.22,247.10,
72.452,11,PAUSE,1.194,0.0000,-103.88,0.00,143.22,247.10,
72.504,11,PAUSE,1.246,0.0000,-103.87,0.00,143.22,247.09,
72.552,11,PAUSE,1.294,0.0000,-103.85,0.00,143.22,247.07,
72.604,11,PAUSE,1.346,0.0000,-103.85,0.00,143.22,247.07,
72.652,11,PAUSE,1.394,0.0000,-103.85,0.00,143.22,247.07,
72.702,11,PAUSE,1.444,0.0000,-103.86,0.00,143.22,247.08,
72.752,11,PAUSE,1.494,0.0000,-103.86,0.00,143.22,247.08,
72.803,11,PAUSE,1.545,0.0000,-103.87,0.00,143.22,247.10,
72.852,11,PAUSE,1.594,0.0000,-103.86,0.00,143.22,247.08,
72.902,11,PAUSE,1.644,0.0000,-103.90,0.00,143.22,247.12,
72.952,11,PAUSE,1.694,0.0000,-103.89,0.00,143.22,247.12,
73.002,11,PAUSE,1.744,0.0000,-103.89,0.00,143.22,247.11,
73.052,11,PAUSE,1.794,0.0000,-103.89,0.00,143.22,247.12,
73.102,11,PAUSE,1.844,0.0000,-103.91,0.00,143.22,247.14,
73.154,11,PAUSE,1.896,0.0000,-103.95,0.00,143.22,247.17,
73.202,11,PAUSE,1.945,0.0000,-103.90,0.00,143.22,247.13,
73.252,11,PAUSE,1.994,0.0000,-103.89,0.00,143.22,247.11,
73.304,11,SPIN,0.001,0.0000,0.00,0.00,0.00,0.00,
73.352,11,SPIN,0.048,1.0000,0.03,0.00,0.00,-0.03,
73.404,11,SPIN,0.100,1.0000,0.06,0.00,2.98,2.92,
73.452,11,SPIN,0.149,1.0000,0.08,0.00,5.75,5.67,
73.502,11,SPIN,0.199,1.0000,0.08,0.00,8.61,8.54,
73.552,11,SPIN,0.249,1.0000,0.08,0.00,11.48,11.40,
73.602,11,SPIN,0.299,1.0000,0.08,0.00,14.34,14.26,
73.652,11,SPIN,0.349,1.0000,0.09,0.00,17.21,17.12,
73.704,11,SPIN,0.400,1.0000,0.11,0.00,20.16,20.06,
73.752,11,SPIN,0.449,1.0000,0.15,0.00,22.94,22.79,
73.803,11,SPIN,0.499,1.0000,0.16,0.00,25.82,25.66,
73.854,11,SPIN,0.550,1.0000,0.15,0.00,28.75,28.60,
73.902,11,SPIN,0.599,1.0000,0.15,0.00,31.53,31.38,
73.953,11,SPIN,0.650,1.0000,0.17,0.00,34.47,34.29,
74.002,11,SPIN,0.699,1.0000,0.16,0.00,37.26,37.10,
74.053,11,SPIN,0.750,1.0000,0.23,0.00,40.19,39.96,
74.102,11,SPIN,0.799,1.0000,0.25,0.00,42.99,42.74,
74.152,11,SPIN,0.849,1.0000,0.30,0.00,45.85,45.55,
74.204,11,SPIN,0.900,1.0000,0.42,0.00,48.81,48.39,
74.252,11,SPIN,0.949,1.0000,0.81,0.00,51.59,50.78,
74.302,11,SPIN,0.999,1.0000,1.45,0.00,54.45,53.00,
74.352,11,SPIN,1.049,1.0000,2.78,0.00,57.31,54.53,
74.402,11,SPIN,1.099,1.0000,4.65,0.00,60.18,55.53,
74.453,11,SPIN,1.150,1.0000,7.24,0.00,63.11,55.87,
74.502,11,SPIN,1.199,1.0000,9.56,0.00,65.91,56.35,
74.553,11,SPIN,1.249,1.0000,11.77,0.00,68.79,57.01,
74.603,11,SPIN,1.299,1.0000,14.38,0.00,71.68,57.29,
74.652,11,SPIN,1.349,1.0000,17.32,0.00,74.51,57.19,
74.702,11,SPIN,1.399,1.0000,19.21,0.00,77.37,58.16,
74.752,11,SPIN,1.449,1.0000,21.57,0.00,80.24,58.67,
74.802,11,SPIN,1.499,1.0000,21.57,0.00,83.10,61.53,
74.852,11,SPIN,1.549,1.0000,21.57,0.00,85.97,64.40,
74.902,11,SPIN,1.599,1.0000,21.57,0.00,88.83,67.26,
74.952,11,SPIN,1.649,1.0000,21.57,0.00,91.70,70.13,
75.003,11,SPIN,1.699,1.0000,21.57,0.00,94.57,73.00,
75.052,11,SPIN,1.749,1.0000,21.57,0.00,97.43,75.86,
75.103,11,SPIN,1.799,1.0000,21.57,0.00,100.29,78.72,
75.152,11,SPIN,1.849,1.0000,21.57,0.00,103.16,81.59,
75.202,11,SPIN,1.899,1.0000,21.57,0.00,106.02,84.45,
75.252,11,SPIN,1.949,1.0000,21.57,0.00,108.89,87.32,
75.302,11,SPIN,1.999,1.0000,21.57,0.00,111.75,90.18,
75.352,11,SPIN,2.049,1.0000,21.57,0.00,114.61,93.05,
75.402,11,SPIN,2.099,1.0000,21.57,0.00,117.48,95.91,
75.452,11,SPIN,2.149,1.0000,21.57,0.00,120.35,98.78,
75.502,11,SPIN,2.199,1.0000,21.57,0.00,123.21,101.64,
75.552,11,SPIN,2.249,1.0000,21.57,0.00,126.07,104.50,
75.602,11,SPIN,2.299,1.0000,21.57,0.00,128.94,107.37,
75.652,11,SPIN,2.349,1.0000,22.52,0.00,131.80,109.28,
75.702,11,SPIN,2.399,1.0000,61.26,0.00,134.67,73.41,
75.752,11,SPIN,2.449,1.0000,62.43,0.00,137.53,75.11,
75.802,11,SPIN,2.499,1.0000,62.95,0.00,140.39,77.44,
75.855,11,SPIN,2.551,0.0000,62.95,0.00,143.27,80.31,FIN_SPIN_rep11
75.856,11,COAST,0.001,0.0000,62.95,0.00,143.27,80.31,
75.902,11,COAST,0.047,0.0000,62.95,0.00,143.27,80.31,
75.953,11,COAST,0.097,0.0000,62.95,0.00,143.27,80.31,
76.003,11,COAST,0.148,0.0000,67.44,0.00,143.27,75.83,
76.052,11,COAST,0.197,0.0000,67.44,0.00,143.27,75.82,
76.102,11,COAST,0.247,0.0000,67.44,0.00,143.27,75.82,
76.152,11,COAST,0.297,0.0000,67.44,0.00,143.27,75.82,
76.203,11,COAST,0.348,0.0000,67.44,0.00,143.27,75.82,
76.252,11,COAST,0.397,0.0000,67.42,0.00,143.27,75.84,
76.302,11,COAST,0.447,0.0000,67.42,0.00,143.27,75.84,
76.352,11,COAST,0.497,0.0000,67.42,0.00,143.27,75.84,
76.404,11,COAST,0.549,0.0000,67.42,0.00,143.27,75.84,
76.454,11,COAST,0.599,0.0000,67.41,0.00,143.27,75.86,
76.504,11,COAST,0.649,0.0000,67.41,0.00,143.27,75.85,
76.552,11,COAST,0.697,0.0000,67.41,0.00,143.27,75.85,
76.602,11,COAST,0.747,0.0000,67.41,0.00,143.27,75.85,
76.654,11,COAST,0.799,0.0000,67.41,0.00,143.27,75.85,
76.702,11,COAST,0.847,0.0000,67.41,0.00,143.27,75.85,
76.752,11,COAST,0.897,0.0000,67.41,0.00,143.27,75.85,
76.803,11,COAST,0.948,0.0000,67.40,0.00,143.27,75.87,
76.852,11,COAST,0.997,0.0000,67.43,0.00,143.27,75.84,
76.903,11,COAST,1.047,0.0000,67.43,0.00,143.27,75.84,
76.952,11,COAST,1.098,0.0000,67.43,0.00,143.27,75.84,
77.004,11,COAST,1.149,0.0000,67.41,0.00,143.27,75.85,
77.053,11,COAST,1.198,0.0000,67.41,0.00,143.27,75.86,
77.103,11,COAST,1.248,0.0000,67.41,0.00,143.27,75.86,
77.152,11,COAST,1.298,0.0000,67.41,0.00,143.27,75.86,
77.203,11,COAST,1.348,0.0000,67.41,0.00,143.27,75.86,
77.252,11,COAST,1.397,0.0000,67.45,0.00,143.27,75.81,
77.302,11,COAST,1.447,0.0000,67.45,0.00,143.27,75.81,
77.352,11,COAST,1.497,0.0000,67.45,0.00,143.27,75.81,
77.403,11,COAST,1.548,0.0000,67.45,0.00,143.27,75.81,
77.454,11,COAST,1.599,0.0000,67.42,0.00,143.27,75.85,
77.502,11,COAST,1.647,0.0000,67.45,0.00,143.27,75.81,
77.552,11,COAST,1.697,0.0000,67.45,0.00,143.27,75.81,
77.603,11,COAST,1.748,0.0000,67.45,0.00,143.27,75.81,
77.653,11,COAST,1.797,0.0000,67.45,0.00,143.27,75.81,
77.702,11,COAST,1.848,0.0000,67.44,0.00,143.27,75.82,
77.753,11,COAST,1.898,0.0000,67.41,0.00,143.27,75.86,
77.802,11,COAST,1.947,0.0000,67.41,0.00,143.27,75.86,
77.852,11,COAST,1.997,0.0000,67.41,0.00,143.27,75.86,
77.905,11,COAST,2.050,0.0000,67.41,0.00,143.27,75.86,FIN_COAST_rep11
77.909,12,PAUSE,0.001,0.0000,67.41,0.00,143.27,75.86,
77.952,12,PAUSE,0.044,0.0000,67.44,0.00,143.27,75.82,
78.002,12,PAUSE,0.094,0.0000,67.44,0.00,143.27,75.82,
78.053,12,PAUSE,0.145,0.0000,67.44,0.00,143.27,75.82,
78.102,12,PAUSE,0.194,0.0000,67.44,0.00,143.27,75.82,
78.154,12,PAUSE,0.246,0.0000,67.41,0.00,143.27,75.85,
78.202,12,PAUSE,0.294,0.0000,67.43,0.00,143.27,75.83,
78.252,12,PAUSE,0.344,0.0000,67.43,0.00,143.27,75.83,
78.303,12,PAUSE,0.394,0.0000,67.43,0.00,143.27,75.83,
78.352,12,PAUSE,0.444,0.0000,67.43,0.00,143.27,75.83,
78.404,12,PAUSE,0.496,0.0000,67.43,0.00,143.27,75.83,
78.452,12,PAUSE,0.544,0.0000,67.44,0.00,143.27,75.83,
78.502,12,PAUSE,0.594,0.0000,67.44,0.00,143.27,75.83,
78.552,12,PAUSE,0.644,0.0000,67.44,0.00,143.27,75.83,
78.603,12,PAUSE,0.695,0.0000,67.44,0.00,143.27,75.83,
78.652,12,PAUSE,0.744,0.0000,67.43,0.00,143.27,75.83,
78.702,12,PAUSE,0.794,0.0000,67.44,0.00,143.27,75.83,
78.752,12,PAUSE,0.844,0.0000,67.44,0.00,143.27,75.83,
78.802,12,PAUSE,0.894,0.0000,67.44,0.00,143.27,75.83,
78.852,12,PAUSE,0.944,0.0000,67.39,0.00,143.27,75.87,
78.902,12,PAUSE,0.994,0.0000,67.43,0.00,143.27,75.83,
78.952,12,PAUSE,1.044,0.0000,67.43,0.00,143.27,75.83,
79.002,12,PAUSE,1.094,0.0000,67.43,0.00,143.27,75.83,
79.052,12,PAUSE,1.144,0.0000,67.43,0.00,143.27,75.83,
79.103,12,PAUSE,1.195,0.0000,67.41,0.00,143.27,75.85,
79.152,12,PAUSE,1.244,0.0000,67.39,0.00,143.27,75.88,
79.202,12,PAUSE,1.294,0.0000,67.39,0.00,143.27,75.88,
79.252,12,PAUSE,1.344,0.0000,67.39,0.00,143.27,75.88,
79.302,12,PAUSE,1.394,0.0000,67.39,0.00,143.27,75.88,
79.353,12,PAUSE,1.445,0.0000,67.42,0.00,143.27,75.84,
79.402,12,PAUSE,1.494,0.0000,67.43,0.00,143.27,75.84,
79.452,12,PAUSE,1.544,0.0000,67.41,0.00,143.27,75.86,
79.502,12,PAUSE,1.594,0.0000,67.43,0.00,143.27,75.83,
79.552,12,PAUSE,1.644,0.0000,67.43,0.00,143.27,75.83,
79.602,12,PAUSE,1.694,0.0000,67.43,0.00,143.27,75.83,
79.654,12,PAUSE,1.746,0.0000,67.41,0.00,143.27,75.85,
79.704,12,PAUSE,1.796,0.0000,67.44,0.00,143.27,75.82,
79.752,12,PAUSE,1.844,0.0000,67.41,0.00,143.27,75.85,
79.802,12,PAUSE,1.894,0.0000,67.43,0.00,143.27,75.83,
79.852,12,PAUSE,1.944,0.0000,67.41,0.00,143.27,75.85,
79.902,12,PAUSE,1.994,0.0000,67.41,0.00,143.27,75.85,
79.956,12,SPIN,0.001,0.0000,0.00,0.00,0.00,0.00,
80.002,12,SPIN,0.048,1.0000,-0.03,0.00,0.00,0.03,
80.053,12,SPIN,0.098,1.0000,-0.01,0.00,2.87,2.88,
80.104,12,SPIN,0.149,1.0000,-0.01,0.00,5.82,5.83,
80.153,12,SPIN,0.199,1.0000,-0.02,0.00,8.66,8.67,
80.202,12,SPIN,0.248,1.0000,-0.02,0.00,11.47,11.48,
80.252,12,SPIN,0.297,1.0000,-0.02,0.00,14.32,14.34,
80.303,12,SPIN,0.348,1.0000,0.16,0.00,17.22,17.05,
80.352,12,SPIN,0.398,1.0000,0.12,0.00,20.06,19.94,
80.402,12,SPIN,0.447,1.0000,0.12,0.00,22.92,22.79,
80.452,12,SPIN,0.497,1.0000,0.10,0.00,25.78,25.68,
80.502,12,SPIN,0.548,1.0000,0.14,0.00,28.65,28.51,
80.552,12,SPIN,0.598,1.0000,0.14,0.00,31.52,31.37,
80.602,12,SPIN,0.647,1.0000,0.14,0.00,34.38,34.23,
80.653,12,SPIN,0.698,1.0000,0.15,0.00,37.25,37.09,
80.702,12,SPIN,0.748,1.0000,0.15,0.00,40.11,39.96,
80.754,12,SPIN,0.800,1.0000,0.18,0.00,43.08,42.91,
80.803,12,SPIN,0.848,1.0000,0.21,0.00,45.86,45.66,
80.852,12,SPIN,0.898,1.0000,0.20,0.00,48.70,48.50,
80.902,12,SPIN,0.948,1.0000,0.20,0.00,51.57,51.37,
80.952,12,SPIN,0.997,1.0000,0.20,0.00,54.43,54.23,
81.003,12,SPIN,1.049,1.0000,0.21,0.00,57.36,57.16,
81.052,12,SPIN,1.097,1.0000,0.21,0.00,60.16,59.95,
81.103,12,SPIN,1.148,1.0000,0.23,0.00,63.05,62.82,
81.153,12,SPIN,1.198,1.0000,0.28,0.00,65.93,65.65,
81.202,12,SPIN,1.247,1.0000,0.30,0.00,68.76,68.46,
81.252,12,SPIN,1.298,1.0000,0.30,0.00,71.62,71.32,
81.302,12,SPIN,1.347,1.0000,0.30,0.00,74.48,74.18,
81.353,12,SPIN,1.398,1.0000,0.66,0.00,77.38,76.73,
81.403,12,SPIN,1.449,1.0000,1.20,0.00,80.28,79.08,
81.452,12,SPIN,1.497,1.0000,1.22,0.00,83.08,81.86,
81.502,12,SPIN,1.548,1.0000,1.33,0.00,85.95,84.62,
81.552,12,SPIN,1.598,1.0000,1.42,0.00,88.81,87.39,
81.603,12,SPIN,1.648,1.0000,1.42,0.00,91.73,90.31,
81.652,12,SPIN,1.697,1.0000,1.42,0.00,94.54,93.12,
81.703,12,SPIN,1.748,1.0000,1.42,0.00,97.46,96.04,
81.753,12,SPIN,1.799,1.0000,1.54,0.00,100.33,98.79,
81.802,12,SPIN,1.847,1.0000,1.54,0.00,103.14,101.60,
81.853,12,SPIN,1.898,1.0000,1.55,0.00,106.02,104.47,
81.902,12,SPIN,1.948,1.0000,1.57,0.00,108.87,107.30,
81.953,12,SPIN,1.998,1.0000,1.57,0.00,111.74,110.17,
82.003,12,SPIN,2.048,1.0000,1.57,0.00,114.60,113.03,
82.052,12,SPIN,2.097,1.0000,1.63,0.00,117.45,115.81,
82.102,12,SPIN,2.147,1.0000,1.65,0.00,120.32,118.67,
82.153,12,SPIN,2.198,1.0000,1.58,0.00,123.24,121.65,
82.202,12,SPIN,2.248,1.0000,1.66,0.00,126.05,124.39,
82.252,12,SPIN,2.297,1.0000,1.67,0.00,128.90,127.23,
82.302,12,SPIN,2.348,1.0000,1.67,0.00,131.78,130.11,
82.353,12,SPIN,2.398,1.0000,1.67,0.00,134.70,133.02,
82.404,12,SPIN,2.449,1.0000,1.68,0.00,137.59,135.91,
82.452,12,SPIN,2.498,1.0000,1.71,0.00,140.38,138.66,
82.505,12,SPIN,2.550,0.0000,1.67,0.00,143.24,141.57,FIN_SPIN_rep12
82.506,12,COAST,0.001,0.0000,1.67,0.00,143.24,141.57,
82.553,12,COAST,0.048,0.0000,1.65,0.00,143.24,141.59,
82.602,12,COAST,0.097,0.0000,1.62,0.00,143.24,141.62,
82.652,12,COAST,0.147,0.0000,1.62,0.00,143.24,141.62,
82.702,12,COAST,0.197,0.0000,1.62,0.00,143.24,141.62,
82.754,12,COAST,0.249,0.0000,1.54,0.00,143.24,141.70,
82.802,12,COAST,0.297,0.0000,1.55,0.00,143.24,141.69,
82.853,12,COAST,0.348,0.0000,1.54,0.00,143.24,141.70,
82.902,12,COAST,0.397,0.0000,1.56,0.00,143.24,141.68,
82.952,12,COAST,0.447,0.0000,1.56,0.00,143.24,141.68,
83.003,12,COAST,0.497,0.0000,1.56,0.00,143.24,141.68,
83.052,12,COAST,0.547,0.0000,1.56,0.00,143.24,141.68,
83.103,12,COAST,0.598,0.0000,1.56,0.00,143.24,141.68,
83.152,12,COAST,0.647,0.0000,1.56,0.00,143.24,141.68,
83.202,12,COAST,0.697,0.0000,1.56,0.00,143.24,141.68,
83.252,12,COAST,0.747,0.0000,1.55,0.00,143.24,141.69,
83.302,12,COAST,0.797,0.0000,1.54,0.00,143.24,141.70,
83.352,12,COAST,0.847,0.0000,1.54,0.00,143.24,141.70,
83.402,12,COAST,0.897,0.0000,1.54,0.00,143.24,141.70,
83.454,12,COAST,0.949,0.0000,1.56,0.00,143.24,141.68,
83.502,12,COAST,0.997,0.0000,1.54,0.00,143.24,141.70,
83.552,12,COAST,1.047,0.0000,1.53,0.00,143.24,141.71,
83.603,12,COAST,1.098,0.0000,1.53,0.00,143.24,141.71,
83.652,12,COAST,1.147,0.0000,1.54,0.00,143.24,141.70,
83.702,12,COAST,1.197,0.0000,1.54,0.00,143.24,141.70,
83.752,12,COAST,1.247,0.0000,1.54,0.00,143.24,141.70,
83.803,12,COAST,1.298,0.0000,1.53,0.00,143.24,141.71,
83.852,12,COAST,1.347,0.0000,1.53,0.00,143.24,141.71,
83.902,12,COAST,1.396,0.0000,1.52,0.00,143.24,141.72,
83.952,12,COAST,1.446,0.0000,1.53,0.00,143.24,141.71,
84.002,12,COAST,1.497,0.0000,1.52,0.00,143.24,141.72,
84.052,12,COAST,1.546,0.0000,1.52,0.00,143.24,141.72,
84.102,12,COAST,1.597,0.0000,1.52,0.00,143.24,141.72,
84.153,12,COAST,1.647,0.0000,1.52,0.00,143.24,141.71,
84.202,12,COAST,1.697,0.0000,1.52,0.00,143.24,141.72,
84.252,12,COAST,1.747,0.0000,1.51,0.00,143.24,141.73,
84.303,12,COAST,1.797,0.0000,1.52,0.00,143.24,141.72,
84.352,12,COAST,1.847,0.0000,1.52,0.00,143.24,141.72,
84.402,12,COAST,1.897,0.0000,1.52,0.00,143.24,141.72,
84.452,12,COAST,1.947,0.0000,1.52,0.00,143.24,141.72,
84.502,12,COAST,1.997,0.0000,1.52,0.00,143.24,141.72,
84.556,12,COAST,2.051,0.0000,1.52,0.00,143.24,141.72,FIN_COAST_rep12
84.560,13,PAUSE,0.001,0.0000,1.52,0.00,143.24,141.72,
84.602,13,PAUSE,0.044,0.0000,1.51,0.00,143.24,141.73,
